scope,view,start,iteration,primal_feasible_objective,dual_lower_bound,relative_dual_gap,projected_gradient_norm,projected_gradient_relative,relative_objective_change,wall_seconds
perview_known_target,r_000,zero,20,0.004866701852793251,-0.0033096125049544467,1.6800524472348537,7.620352698722854e-05,0.9592080726612044,0.23796698477973227,0.18791746092028916
perview_known_target,r_000,zero,40,0.0037199455904703854,0.0003059574510199788,0.9177521704070702,3.885019032168202e-05,0.7437653149583897,0.2356331447887409,0.3134371740743518
perview_known_target,r_000,zero,60,0.003160030199925611,0.0015222753214895553,0.5182719071718396,2.289303665747866e-05,0.51334697735977,0.15051709142712844,0.43903185706585646
perview_known_target,r_000,zero,80,0.002876939591574256,0.0019026366226398252,0.33865951575343783,1.4992268006608356e-05,0.3656628405715212,0.08958477939800046,0.564081345917657
perview_known_target,r_000,zero,100,0.002717686808201843,0.0020425243841810264,0.24843275611568272,1.0585357813397422e-05,0.26796255038432437,0.055354927798560424,0.6874630148522556
perview_known_target,r_000,zero,120,0.002617412004746299,0.0021099903223678372,0.19386389359349065,7.95990399637958e-06,0.20635742095305173,0.036897115279405986,0.8100160909816623
perview_known_target,r_000,zero,140,0.0025494627676618266,0.002152084239300841,0.15586755507923375,6.20279979557381e-06,0.16361500159007655,0.02596046665991293,0.9332336329389364
perview_known_target,r_000,zero,160,0.00250136435401846,0.002183052173292941,0.12725542371072324,4.988222372048767e-06,0.1327340979492195,0.01886609769456608,1.056097063003108
perview_known_target,r_000,zero,180,0.002465847356083809,0.002205547110551831,0.10556218935846032,4.1434077502344735e-06,0.11059160076488564,0.014199050161401954,1.1792417608667165
perview_known_target,r_000,zero,200,0.0024385492249308378,0.0022198647197007124,0.08967811803607437,3.483126647552126e-06,0.09339282423888425,0.011070487021680554,1.301732936874032
perview_known_target,r_000,zero,220,0.0024173940341844914,0.0022309504868929446,0.07712584074215423,2.966387000924442e-06,0.07982467132297551,0.008675318312242138,1.4244080539792776
perview_known_target,r_000,zero,240,0.0024005596905664612,0.0022412389621962753,0.0663681594739229,2.5478802854195237e-06,0.06877262512587586,0.006963839316211942,1.5474354920443147
perview_known_target,r_000,zero,260,0.002386914749798573,0.0022488868435554246,0.05782691076620827,2.2257279397308594e-06,0.06028285263989721,0.005684066437301721,1.6703402078710496
perview_known_target,r_000,zero,280,0.0023757397550738337,0.0022540888872832274,0.05120546875170074,1.9683814116433496e-06,0.053393466593839166,0.004681773710469687,1.793524953071028
perview_known_target,r_000,zero,300,0.0023664479398026552,0.0022590972954184786,0.04536361970131864,1.742402560012124e-06,0.047269063197115546,0.003911125051190522,1.916227764915675
perview_known_target,r_000,zero,320,0.002358698474839993,0.0022629732918921838,0.0405838999638574,1.5522628018516116e-06,0.042115592085067655,0.0032747244645949867,2.038885257905349
perview_known_target,r_000,zero,340,0.002352150930563813,0.002266061601676042,0.03660025713874372,1.4035140338819474e-06,0.038110203334103185,0.0027759140670255687,2.161910017952323
perview_known_target,r_000,zero,360,0.0023465343974687428,0.002268525370251573,0.033244356997843255,1.2746421589326928e-06,0.034630462521031795,0.0023878285283861116,2.2848955208901316
perview_known_target,r_000,zero,380,0.0023416823774579584,0.0022711866224480897,0.030104746778850607,1.1554096772670164e-06,0.031397402425297406,0.0020677387111897056,2.4076627490576357
perview_known_target,r_000,zero,400,0.0023374545431039963,0.0022730699319605803,0.027544754328320428,1.0658500286808703e-06,0.028964206427636204,0.0018054687495883519,2.5302824550308287
perview_known_target,r_000,zero,420,0.002333739103100272,0.0022749103904725772,0.025207921720788416,9.744096587382955e-07,0.026482696410380435,0.0015895239608769488,2.6530908439308405
perview_known_target,r_000,zero,440,0.0023304721963773216,0.0022766522505843437,0.02309400896377998,8.977527272691077e-07,0.024407654082394543,0.0013998594438471219,2.7756992890499532
perview_known_target,r_000,zero,460,0.002327573220764065,0.002278228478124717,0.021200081784387242,8.268957003565447e-07,0.022490833969333275,0.0012439434453511747,2.8988763398956507
perview_known_target,r_000,zero,480,0.0023250084283004103,0.0022793725892483172,0.019628246717992757,7.703545179538196e-07,0.02096097999973867,0.0011019169840821143,3.022081554867327
perview_known_target,r_000,zero,500,0.0023227215708609542,0.00228048402297723,0.018184507524966986,7.15520968697092e-07,0.019468476442341384,0.0009835910320237955,3.1448477029334754
perview_known_target,r_000,baseline,20,0.004681414105803919,-0.0020946504194927535,1.4474396778733696,6.644753739237785e-05,0.8442580986554149,0.34837179180780303,0.1768466830253601
perview_known_target,r_000,baseline,40,0.003762161563423723,0.00018007348680804607,0.9521356316648529,3.736450526048429e-05,0.7167053850474407,0.196362150752809,0.2995105190202594
perview_known_target,r_000,baseline,60,0.003207895568234988,0.0014321002763266926,0.5535701690206061,2.331267751287669e-05,0.526219928189958,0.1473264733171986,0.42325674393214285
perview_known_target,r_000,baseline,80,0.0029070604349218736,0.001868550089405654,0.35723727413466355,1.54175595525885e-05,0.3729824982926022,0.09377959067371894,0.5457403168547899
perview_known_target,r_000,baseline,100,0.00273547363635165,0.002023085963348887,0.26042571331555114,1.0986055713146925e-05,0.2744461975489799,0.05902415942544201,0.6690315168816596
perview_known_target,r_000,baseline,120,0.002628007548963497,0.0021004981117496596,0.20072599769429525,8.193072062567808e-06,0.21091913051768735,0.039286098743573576,0.7915879860520363
perview_known_target,r_018,zero,20,0.00733048721944878,-0.003322565260396152,1.4532529913674679,7.68103709560819e-05,0.9562967737201614,0.27785824931766007,0.2173429608810693
perview_known_target,r_018,zero,40,0.005686155950193628,0.001871728729521881,0.6708270497825259,3.65342857548967e-05,0.7001314166717212,0.22431404898879262,0.3674019000027329
perview_known_target,r_018,zero,60,0.004968945999375628,0.0030986910561489017,0.37638866340300997,2.1196825400693342e-05,0.4776969136878414,0.12613265571683396,0.5168325339909643
perview_known_target,r_018,zero,80,0.004618186080225394,0.00345986473389972,0.2508173828866465,1.3452568055072334e-05,0.32791190998267156,0.07059040673702408,0.6644223520997912
perview_known_target,r_018,zero,100,0.004425195432961569,0.003616831110375468,0.18267313496821136,9.457307896809652e-06,0.2372254963808033,0.041789274817268865,0.8119901069439948
perview_known_target,r_018,zero,120,0.004306414248418504,0.0037085397172504273,0.13883349271093498,7.030906999716535e-06,0.17933868430407796,0.026842020051433175,0.9604738110210747
perview_known_target,r_018,zero,140,0.004228064343664793,0.003767386644305034,0.10895711652307867,5.452139703265857e-06,0.1403802249777558,0.018193768698049586,1.108826830983162
perview_known_target,r_018,zero,160,0.004172858724697689,0.0038053986483067115,0.08805955356602654,4.397935754241189e-06,0.11387154319561942,0.01305694863651321,1.2571698899846524
perview_known_target,r_018,zero,180,0.0041323692437627586,0.003831312554403609,0.07285328865845017,3.6377298329171026e-06,0.09441656460324341,0.009703055772122639,1.4064370230771601
perview_known_target,r_018,zero,200,0.004101081708250071,0.0038500708432133374,0.06120601414299538,3.048335202038288e-06,0.07934266187850797,0.007571331037252266,1.5549775250256062
perview_known_target,r_018,zero,220,0.004076784226485041,0.0038639556348610184,0.052205017435401735,2.596708327473607e-06,0.06768724313630624,0.00592465195612937,1.7038720580749214
perview_known_target,r_018,zero,240,0.004057613006873393,0.0038745221514863456,0.04512279881716191,2.240605454062461e-06,0.05842298417287179,0.004702534779030182,1.852275705896318
perview_known_target,r_018,zero,260,0.004042170944090308,0.0038837765891771925,0.03918546669697121,1.953616219907417e-06,0.05092719544759531,0.003805701223090308,2.000808195909485
perview_known_target,r_018,zero,280,0.004029534398673362,0.0038913776396801015,0.03428603538878976,1.7109599639297812e-06,0.044597729964096514,0.003126177886024496,2.149805322056636
perview_known_target,r_018,zero,300,0.004019057157104871,0.0038970174393286837,0.030365260558797028,1.5227498124659178e-06,0.0396931143346223,0.0026001122045118583,2.298267276957631
perview_known_target,r_018,zero,320,0.004010247690981977,0.0039014162728883747,0.027138328223051296,1.362103944302362e-06,0.03552174323783162,0.0021919235727515516,2.4473657170310616
perview_known_target,r_018,zero,340,0.004002747451641912,0.003905638101861723,0.02426067368810777,1.2239845545991557e-06,0.03192320134818057,0.001870268351985077,2.5961180799640715
perview_known_target,r_018,zero,360,0.00399634025076514,0.003908782691672707,0.021909435533090195,1.111287474486744e-06,0.028981173095286774,0.0016007007572122521,2.74490310694091
perview_known_target,r_018,zero,380,0.003990754049700593,0.003912075390198956,0.01971523639938166,1.0106758736583288e-06,0.02635586377893489,0.0013978291922159417,2.893646477954462
perview_known_target,r_018,zero,400,0.003985899234536644,0.003914820551515318,0.01783253384968939,9.21978198675788e-07,0.024048876504505236,0.0012165157520326378,3.0407885839231312
perview_known_target,r_018,zero,420,0.00398167434613622,0.003917040774804809,0.016232761826473964,8.454284738945717e-07,0.022061429909915282,0.001059958657212584,3.1889531819615513
perview_known_target,r_018,zero,440,0.003977946159535272,0.00391900549053593,0.01481685941325746,7.786757691974344e-07,0.020326627104877197,0.0009363363944029603,3.3379227488767356
perview_known_target,r_018,zero,460,0.0039746763004878845,0.003920690943118516,0.013582328040837486,7.155183538998244e-07,0.018678928397699343,0.000821996808465914,3.486732952995226
perview_known_target,r_018,zero,480,0.0039717735815510274,0.003922104067247728,0.012505625832755203,6.641989784839097e-07,0.017334583673476362,0.0007303032290958464,3.6352787690702826
perview_known_target,r_018,zero,500,0.003969179844221412,0.0039233503667434905,0.011546334325123395,6.154177754069678e-07,0.016056023089044264,0.0006530425957973158,3.7834580370690674
perview_known_target,r_018,baseline,20,0.007324496109264519,-0.0032090012818523916,1.43811905064615,7.596171781187877e-05,0.9257045773085891,0.36686271310298557,0.21329551795497537
perview_known_target,r_018,baseline,40,0.005696716688016361,0.0018658266089193402,0.6724733366424379,3.6451394407777116e-05,0.6920427621364105,0.22223773444144948,0.3617473361082375
perview_known_target,r_018,baseline,60,0.004979661288336166,0.0030871317584946034,0.38005185900382915,2.1260171706671827e-05,0.47575571418371926,0.12587169749701535,0.5096671648789197
perview_known_target,r_018,baseline,80,0.004624794626006401,0.0034550563930304482,0.25292760599534864,1.3529390344046988e-05,0.3277449816141235,0.07126321285364683,0.6580607339274138
perview_known_target,r_018,baseline,100,0.004430125715939515,0.0036114706537271053,0.18479273833401685,9.506150490778964e-06,0.23732014219423458,0.04209244427249004,0.8058174310717732
perview_known_target,r_018,baseline,120,0.004310073312521752,0.003705525401441731,0.14026395080651424,7.08576862962218e-06,0.18018761343707385,0.02709909630460756,0.9552449190523475
perview_known_target,r_001,zero,20,0.006880671945729898,0.0022035725620467303,0.6797445686370422,4.111381349503063e-05,0.6992304756728744,0.4262154251814536,0.20976316393353045
perview_known_target,r_001,zero,40,0.005716696770029634,0.0042172506004715445,0.26229240938912296,1.6171328752534464e-05,0.37305234249298147,0.1691659164803838,0.3533120909705758
perview_known_target,r_001,zero,60,0.005335483716819184,0.004513968184620926,0.15397208122078473,8.871108548191842e-06,0.2209536182310367,0.06668414795218776,0.495835498906672
perview_known_target,r_001,zero,80,0.005157480055498654,0.004639579650905587,0.10041733540799777,5.700585461454466e-06,0.1447991100800913,0.033362234947771345,0.6388842519372702
perview_known_target,r_001,zero,100,0.005058564370914101,0.004702932716877735,0.07030288199576716,3.991921403212473e-06,0.10220685913966697,0.019179072632398025,0.7817212210502476
perview_known_target,r_001,zero,120,0.0049974950749255105,0.004737519452864684,0.05202118624693221,2.9515961159631843e-06,0.07610345301281397,0.01207245603905508,0.9236015120986849
perview_known_target,r_001,zero,140,0.004957412054470883,0.004761635490529952,0.0394916867490102,2.263554051751271e-06,0.05853095258925203,0.008020622302509186,1.066478465916589
perview_known_target,r_001,zero,160,0.004930023583730547,0.004777290714865878,0.030980149743846806,1.7909887901623733e-06,0.04638034552799572,0.0055247517130708685,1.2090109349228442
perview_known_target,r_001,zero,180,0.004910470140982952,0.00478898494309488,0.024740033927536348,1.4458062196354149e-06,0.03748458461097335,0.003966196594296788,1.3518097959458828
perview_known_target,r_001,zero,200,0.0048960118487503665,0.004796940928948027,0.02023502451850181,1.2009754755126778e-06,0.03115236623572709,0.0029443804396479534,1.4957539720926434
perview_known_target,r_001,zero,220,0.004884974336099155,0.004803271358347759,0.016725364788024426,1.017400222735887e-06,0.026388236704769683,0.002254388468040324,1.6385240009985864
perview_known_target,r_001,zero,240,0.0048762965078143015,0.004807536496408449,0.014100867594016013,8.719587754058011e-07,0.022616446607021622,0.0017764327277475437,1.781425392953679
perview_known_target,r_001,zero,260,0.004869388807146911,0.0048110448738425985,0.011981777511518361,7.511794137826655e-07,0.01948332341943454,0.0014165874975652578,1.924510939978063
perview_known_target,r_001,zero,280,0.004863846407172173,0.004814339836249763,0.010178481551022784,6.501773555100954e-07,0.01686581876364596,0.0011382126575315834,2.068024046951905
perview_known_target,r_001,zero,300,0.004859350610314341,0.0048168254748976605,0.00875119719215516,5.707995569537161e-07,0.01480736085391466,0.0009243295288278563,2.2113997479900718
perview_known_target,r_001,zero,320,0.00485564986557368,0.004818868858575609,0.0075748886382534615,5.0504775117588e-07,0.01310023284810062,0.0007615718719299858,2.354569765040651
perview_known_target,r_001,zero,340,0.004852599000107024,0.0048205908654162955,0.006596080716750403,4.4695227074953436e-07,0.01159774307155113,0.000628312491863632,2.498293789103627
perview_known_target,r_001,zero,360,0.004850060833680668,0.004821900622419593,0.005806156299219909,3.9961253150977427e-07,0.010372962867235859,0.0005230529920770436,2.641045019030571
perview_known_target,r_001,zero,380,0.004847927635743632,0.004823132820179013,0.005114518496894983,3.5864354686054867e-07,0.00931048251068527,0.00043982910940448344,2.783558065071702
perview_known_target,r_001,zero,400,0.004846134990332482,0.0048241527331010225,0.004536038982676238,3.2194165555665677e-07,0.008357813142516227,0.0003697756125593146,2.9261294670868665
perview_known_target,r_001,baseline,20,0.006906520078412559,0.002183453210374833,0.6838562422775591,4.12954505009111e-05,0.6965534457105369,0.417895157162595,0.20901721017435193
perview_known_target,r_001,baseline,40,0.0057243129420510245,0.004206679502989765,0.26512062747524956,1.628126483410597e-05,0.37445086700365926,0.17117261992138605,0.3515802822075784
perview_known_target,r_001,baseline,60,0.005338687557897238,0.004510478284564528,0.15513349757799247,8.921504559111781e-06,0.2215449923454228,0.06736623033324533,0.49399428605102
perview_known_target,r_001,baseline,80,0.0051591126053118705,0.004638043901561077,0.10099967641999054,5.7166244005202316e-06,0.14499046529208537,0.03363653531657452,0.6366138071753085
perview_known_target,r_001,baseline,100,0.0050595151251385355,0.004702168682434771,0.07062859461142144,4.003259164164774e-06,0.102375306767972,0.019305157261112794,0.7799021871760488
perview_known_target,r_001,baseline,120,0.004998158021408007,0.00473728149428364,0.05219453366760033,2.9624711714859586e-06,0.07632057565238695,0.012127071905699305,0.9233877861406654
perview_known_target,r_014,zero,20,0.00847805431345294,-0.0005307676259934994,1.062604886259254,6.63840546621941e-05,0.8584638015687238,0.3574300939951713,0.2044938828330487
perview_known_target,r_014,zero,40,0.00672876512657218,0.003962957391000217,0.41104239537945386,2.838978252839297e-05,0.5244746582880377,0.20633144377301227,0.34406998683698475
perview_known_target,r_014,zero,60,0.006102849999270952,0.00469078563268076,0.23137785899356497,1.5385037841042504e-05,0.3155337476923509,0.09302080181539739,0.4834578619338572
perview_known_target,r_014,zero,80,0.00581924759952485,0.004920226766628391,0.15449090582945224,9.792923265194986e-06,0.20935860872789827,0.04647048506517133,0.6222013868391514
perview_known_target,r_014,zero,100,0.005663767677771401,0.005037042065396523,0.11065524718370587,6.873972779430915e-06,0.14881275662182156,0.026718217277117543,0.7619508078787476
perview_known_target,r_014,zero,120,0.005567991184382066,0.005104595987896418,0.08322484377946708,5.121279627928743e-06,0.11160836005886898,0.016910385248538586,0.90163663495332
perview_known_target,r_014,zero,140,0.005504379318129685,0.005147937609524316,0.06475602206980237,3.9770707189745735e-06,0.08707800427628228,0.011424563032859776,1.040644746972248
perview_known_target,r_014,zero,160,0.005459759361789724,0.005176279205624967,0.05192173086394616,3.204500671927235e-06,0.07033692208664145,0.008106264805006673,1.1802522239740938
perview_known_target,r_014,zero,180,0.005427094086648915,0.005195738634748426,0.04262971089254599,2.617157178974594e-06,0.0575113104184639,0.005982914809289527,1.3202478650491685
perview_known_target,r_014,zero,200,0.005402749079765973,0.005210456057165209,0.03559169966284906,2.1776972971565556e-06,0.047887020316514664,0.004485827312784608,1.4593941119965166
perview_known_target,r_014,zero,220,0.005383877524805843,0.005222708557380473,0.02993548175692994,1.8575818785393494e-06,0.04086560201321876,0.0034929541760150636,1.5985608699265867
perview_known_target,r_014,zero,240,0.005368956252368053,0.005232047299477817,0.025500105878093263,1.5948687632771907e-06,0.03508177607207096,0.0027714732307786874,1.7383174188435078
perview_known_target,r_014,zero,260,0.005357035883721318,0.005238744572098013,0.022081485767672812,1.3864922721040784e-06,0.030513979412140305,0.0022202394816454975,1.8771320160012692
perview_known_target,r_014,zero,280,0.00534741069309644,0.005245148383996678,0.01912370583987192,1.2073602420059615e-06,0.02656766503350891,0.0017967381279125785,2.015710429986939
perview_known_target,r_014,zero,300,0.005339503371081287,0.0052498606916202934,0.016788579991633246,1.0711318054745789e-06,0.023569812560129223,0.0014787197896285382,2.15501492889598
perview_known_target,r_014,zero,320,0.005332817162833023,0.005253801280438446,0.014816911958894325,9.57654378908046e-07,0.021066936702521168,0.0012522153810176893,2.2934260440524668
perview_known_target,r_014,zero,340,0.005327130723988838,0.0052569739233014785,0.013169716367468352,8.634132768747804e-07,0.01898590690808644,0.0010663104829126513,2.4328921048436314
perview_known_target,r_014,zero,360,0.005322274185565152,0.005260089204362929,0.011683911620126244,7.761704523545632e-07,0.017060974478281997,0.0009116612066259766,2.5722628789953887
perview_known_target,r_014,zero,380,0.0053181025799977286,0.0052625655168963515,0.010443022161750167,7.038374292278604e-07,0.015466657748279971,0.0007838013266466765,2.712088781874627
perview_known_target,r_014,zero,400,0.005314509274098029,0.005264534187609618,0.009403518539704232,6.378739385581866e-07,0.01401368773103559,0.0006756744244111318,2.851064278045669
perview_known_target,r_014,zero,420,0.005311403153194624,0.005266423957554177,0.008468420555384442,5.800566214020364e-07,0.012741751631789052,0.0005844605293181326,2.990406517870724
perview_known_target,r_014,zero,440,0.005308726001776705,0.0052679687703210375,0.0076774034753399,5.306614525579789e-07,0.011658812394905156,0.0005040384509897972,3.1296768409665674
perview_known_target,r_014,zero,460,0.005306385113802872,0.0052695381215116755,0.00694389711657954,4.87700106077682e-07,0.010716316030318213,0.0004409509876851609,3.2690650278236717
perview_known_target,r_014,zero,480,0.005304308540619176,0.005270840028495745,0.006309684262734027,4.506430855144572e-07,0.009901201908800781,0.0003913348049870026,3.408563941018656
perview_known_target,r_014,zero,500,0.0053024720262646605,0.005271759748171572,0.005792067914919941,4.181202939435025e-07,0.009186455636629787,0.0003462306802954284,3.5480346779804677
perview_known_target,r_014,baseline,20,0.008520314689339191,-0.000530761831522481,1.0622936887749677,6.638836930505931e-05,0.8448101157060544,0.39325939895860335,0.20369869098067284
perview_known_target,r_014,baseline,40,0.006751362942625134,0.003946793494818786,0.41540789195312405,2.8630900487769395e-05,0.5232021826899234,0.20761577608482107,0.34266887814737856
perview_known_target,r_014,baseline,60,0.00611343142948859,0.004683251472366275,0.2339406229738239,1.5525911294389516e-05,0.3168900221814773,0.09448929328164607,0.48153595603071153
perview_known_target,r_014,baseline,80,0.005824613897003383,0.004916960253707025,0.15583069699492413,9.847264664131217e-06,0.2097081930589169,0.047243113105362465,0.6202832730486989
perview_known_target,r_014,baseline,100,0.005667376676303169,0.0050345258980474756,0.11166555787650628,6.913050583534641e-06,0.14930634727921105,0.026995303633964293,0.7596920849755406
perview_known_target,r_014,baseline,120,0.005570517733192088,0.0051029436920013065,0.0839372682371566,5.150627202965552e-06,0.11200649930171647,0.017090613284286175,0.8987268679775298
shared_known_targets,shared,zero,20,0.00733199783634938,5.058524053524654e-06,0.9993100756210747,4.283033558749594e-05,0.8877127647542281,0.29708228419336075,0.7760871700011194
shared_known_targets,shared,zero,40,0.006175482460052654,0.004037897250111819,0.34614060096004384,1.812016671465244e-05,0.5731952578216264,0.1577353679188424,1.3050775630399585
shared_known_targets,shared,zero,60,0.00576148619548765,0.0046368593225701625,0.19519735616103467,1.0131344424735289e-05,0.36841922316495357,0.06703869167194985,1.835407683858648
shared_known_targets,shared,zero,80,0.005564298762534732,0.004835164630832086,0.13103791920951785,6.538436991831986e-06,0.24734951482031853,0.0342250985704615,2.3654023548588157
shared_known_targets,shared,zero,100,0.005452437032006189,0.0049398821510367496,0.09400473182188182,4.631343017535983e-06,0.17763530461805038,0.020103473106391316,2.8973184518981725
shared_known_targets,shared,zero,120,0.005381941130831074,0.005002437548534421,0.07051425741590191,3.468427848929423e-06,0.1336879372333131,0.012929246273051656,3.428390222834423
shared_known_targets,shared,zero,140,0.005334668869906661,0.005043938156233657,0.05449836170957908,2.7057683382736286e-06,0.10463978419966645,0.008783496470001831,3.959616326028481
shared_known_targets,shared,zero,160,0.005301202683369023,0.005070614122725233,0.04349740510152436,2.175946065108292e-06,0.08446691267329558,0.006273339049481348,4.490181065862998
shared_known_targets,shared,zero,180,0.005276767035562237,0.005090715678385563,0.035258588435456754,1.7888208958538598e-06,0.06937951676202152,0.0046094536025656895,5.0216770770493895
shared_known_targets,shared,zero,200,0.005258334769536166,0.0051044955739309415,0.029256257417553912,1.4868277276036679e-06,0.05764057181206653,0.0034930983122523867,5.552947545889765
shared_known_targets,shared,zero,220,0.005244261547405665,0.005114900739570923,0.02466711598294269,1.263370791093621e-06,0.048962806316514916,0.002676364808880717,6.082707574823871
shared_known_targets,shared,zero,240,0.005233140747420108,0.0051239926854077375,0.0208570851197113,1.0801139751492883e-06,0.04186415371546439,0.0021205654761933647,6.6132724459748715
shared_known_targets,shared,zero,260,0.00522430552967759,0.005130443701776631,0.017966374165477243,9.394468634127406e-07,0.036432275256599735,0.0016883202973040075,7.143784896936268
shared_known_targets,shared,zero,280,0.005217178010581156,0.005135983789009116,0.015562862031421367,8.237303745772806e-07,0.031942717365742355,0.0013642998205110918,7.674231859855354
shared_known_targets,shared,zero,300,0.005211350002000101,0.005140532724146559,0.013589046566889935,7.254249112520483e-07,0.028116778771194312,0.0011170806457505168,8.204171919962391
shared_known_targets,shared,zero,320,0.005206517826536614,0.0051444008334926745,0.011930621408293542,6.414634299289901e-07,0.024850534900464533,0.0009272406308599117,8.73251745896414
shared_known_targets,shared,zero,340,0.005202511826095702,0.005147482631439053,0.010577428076304168,5.74511375361908e-07,0.022247683121242316,0.0007694202871051798,9.263181227026507
shared_known_targets,shared,zero,360,0.005199125093717307,0.005150058620827328,0.009437448033183868,5.164962431081221e-07,0.019996510694714538,0.0006509802363941414,9.794062037020922
shared_known_targets,shared,zero,380,0.005196253793033288,0.005152537960948758,0.008412951681294118,4.662861670112761e-07,0.018053724284678392,0.0005522661279084908,10.325238232966512
shared_known_targets,shared,zero,400,0.005193779264953138,0.005154533923346717,0.007556220548540283,4.2531382860033773e-07,0.01646448125833192,0.00047621386073699314,10.854006954003125
shared_known_targets,shared,zero,420,0.0051916368416605185,0.0051562745175939865,0.006811401711068363,3.866784368256049e-07,0.01496587205489181,0.0004124979486665096,11.385573911014944
shared_known_targets,shared,zero,440,0.005189786255491926,0.005157738615922245,0.006175136699660415,3.5447479262984416e-07,0.013718561327575244,0.00035645524235095613,11.91678853193298
shared_known_targets,shared,zero,460,0.005188177800056097,0.005159097788932757,0.0056050529191627885,3.234776499994041e-07,0.012520311286180747,0.0003099271061745318,12.447897760896012
shared_known_targets,shared,zero,480,0.005186772881637697,0.005160236670983182,0.005116131216861111,2.9910077614658803e-07,0.011577499620672187,0.00027079226513500684,12.977938825031742
shared_known_targets,shared,zero,500,0.005185527648057288,0.005161264122427049,0.004679085191905044,2.770233606952388e-07,0.010722449977808125,0.00024007867875173354,13.507631690939888
shared_known_targets,shared,baseline,20,0.007324128740688043,0.00015921869019395153,0.9782610743432953,4.1926574340322986e-05,0.8657467392957011,0.34401368901427276,0.7771984951104969
shared_known_targets,shared,baseline,40,0.006196961144398349,0.003982154130497886,0.3574021140833689,1.8116186765837483e-05,0.5730381020077291,0.15389784043908075,1.3070575401652604
shared_known_targets,shared,baseline,60,0.005775836624284696,0.004610361524999882,0.2017846374643866,1.0278381523676217e-05,0.37346153490271866,0.0679566178165119,1.8373937741853297
shared_known_targets,shared,baseline,80,0.0055721807103226535,0.004824502878421912,0.1341804709448211,6.630743428104324e-06,0.25100721982607993,0.03525998521249109,2.366988740162924
shared_known_targets,shared,baseline,100,0.005457034957264288,0.004935095423857396,0.09564526111603841,4.7017133510962594e-06,0.18001376501075642,0.02066439676750862,2.899579252116382
shared_known_targets,shared,baseline,120,0.005384659153867353,0.004999066386009429,0.0716095033760836,3.5141185890097404e-06,0.13537232577753136,0.013262844010297238,3.430415399139747
