scene,method,split,seed,frame_count,gaussian_count,render_frame_ms,psnr_linear_db,ssim_linear,edge_mse_linear,W_abs_error_px,D_deltaE76_abs_error,profile_measurement_fraction,foreground_holes_all_reliable,target_band_holes_alpha_lt_095,foreign_contribution_ratio,mask_iou,boundary_iou,LPIPS,FLIP,outside_rgb_change_mse,file,sha256
far_background,B0,val,1729,6,16746,1.718668662942946,32.85666518362792,0.9775778353214264,0.00029147959139663726,0.011913297165971786,0.3346704399179498,1.0,0.006143662344772473,0.0,0.00510943968159457,0.990104846857455,0.9099353350312541,0.06404583466549714,0.05347938028474649,0.0,experiments/object_neighborhood_edge_control_v1/results/tables/far_background_B0_val.json,0a8b4df3f04249860b9e4db3a043783bf7b1e88767bd6aacdf4c7d44452ddaa9
panels_high,B0,path,1729,36,10659,1.841888204216957,30.027488569323808,0.9671870734956529,0.0022678503426302793,3.8437789658912718,0.9647989294755974,0.9150326797385622,0.0006928575108991554,0.0,0.00291269774768605,0.9752234690289955,0.8829034314196984,0.07778915856033564,0.03901651894880666,0.0,experiments/object_neighborhood_edge_control_v1/results/tables/panels_high_B0_path.json,5f19b366716f06de0b0fe0a05ca80da3979d62bdb533bef80c2627a9b4e1984d
panels_high,B0,test,1729,12,10659,1.8373524692530434,39.12111247034226,0.9828423808018366,0.0013218978889805537,2.0780878942827465,0.7146167145584018,0.9460784313725491,0.0005322636538469839,0.0,0.001654729258007137,0.9856917471839588,0.9290696121445313,0.04471857799217105,0.024436647538095713,0.0,experiments/object_neighborhood_edge_control_v1/results/tables/panels_high_B0_test.json,c0edead54ac9fcd693ae43111e8c95bc415c5cd15cc5ea15f6c6fb8e36c58a13
panels_high,B0,val,1729,6,10659,1.8551672032723825,47.81579256017176,0.9990718960762024,1.8487088406497303e-05,0.003808150799890142,0.32637389347642726,1.0,,,0.00031534440010242787,0.9972313365510893,0.9829558940709341,0.011288877887030443,0.009340251019845406,0.0,experiments/object_neighborhood_edge_control_v1/results/tables/panels_high_B0_val.json,9ec156237ee49cd3e34b6ffb59a93c98812b3a089c6300964c4c24295858a8cc
panels_high,B0,val,1729,6,10659,1.8443191734453042,47.81579256017176,0.9990718960762024,1.8487088406497303e-05,0.003808150799890142,0.32637389347642726,1.0,6.909958925358163e-06,0.0,0.00031534440010242787,0.9972313365510893,0.9829558940709341,0.011288877887030443,0.009340251019845406,0.0,experiments/object_neighborhood_edge_control_v1/results/tables/panels_high_B0_val_coverage_v2.json,f05dd76cd2811df983a146485f3e3ad347a41f44102adf3a23d5aa760f01f516
panels_high,B1,path,1729,36,10659,1.6997062678759296,30.06325438622478,0.9673230134778552,0.002278188397920328,3.8513947180065284,0.9710034633655368,0.9150326797385622,0.0006928575108991554,0.0,0.00291269774768605,0.9752234690289955,0.8829034314196984,0.07722582823286454,0.03906209906563163,9.834552648789618e-07,experiments/object_neighborhood_edge_control_v1/results/tables/panels_high_B1_path.json,db7ce9239fb167865fef3f610aa1cd0e0fa50802924e76916ea6dd7ec7a3024a
panels_high,B1,test,1729,12,10659,1.7026382343222697,39.139238533856165,0.9829157044490179,0.0013269079188376054,2.080319151788164,0.7130974287389226,0.9460784313725491,0.0005322636538469839,0.0,0.001654729258007137,0.9856917471839588,0.9290696121445313,0.04444949049502611,0.02444845763966441,4.984325715125711e-07,experiments/object_neighborhood_edge_control_v1/results/tables/panels_high_B1_test.json,ce1ef6804ced2a24501fd8884321a33df69710816603f61dfafaad77e00316ca
panels_high,B1_time_1s,test,1729,12,10659,1.860539335757494,39.146768148364295,0.9829036593437195,0.0013229034881684736,2.0781861398521513,0.7120425846454319,0.9460784313725491,0.0005322636538469839,0.0,0.001654729258007137,0.9856917471839588,0.9290696121445313,0.044497889544193946,0.024450817766288917,2.8461536362896683e-07,experiments/object_neighborhood_edge_control_v1/results/tables/panels_high_B1_time_1s_test.json,f7e7be163600b77032492ebfd04af76debfeff73f9dc17388a00c38a0d2d1e3d
panels_high,B1_time_1s,val,1729,6,10659,1.7077663990979393,47.81789971141752,0.9990723927815756,1.8158518590401702e-05,0.0037284533810744923,0.32856819207290333,1.0,,,0.00031534440010242787,0.9972313365510893,0.9829558940709341,0.011286887185027203,0.009326351806521416,3.885178734286399e-09,experiments/object_neighborhood_edge_control_v1/results/tables/panels_high_B1_time_1s_val.json,0e4665d0e15a29868ea934166b2464253ec13d2f17a0788e18341ad5d1c26e7f
panels_high,B1_time_1s,val,1729,6,10659,1.7003555006037157,47.81789971141752,0.9990723927815756,1.8158518590401702e-05,0.0037284533810744923,0.32856819207290333,1.0,6.909958925358163e-06,0.0,0.00031534440010242787,0.9972313365510893,0.9829558940709341,0.011286887185027203,0.009326351806521416,3.885178734286399e-09,experiments/object_neighborhood_edge_control_v1/results/tables/panels_high_B1_time_1s_val_coverage_v2.json,b9e1fbee997ff41f144a4840deecac7bb1872821c782916cce6666988ca1d885
panels_high,B1_time_2s,test,1729,12,10659,1.70879689976573,39.140909647269126,0.9829112986723582,0.0013281682746916583,2.081370080086898,0.7211558447492162,0.9460784313725491,0.0005322636538469839,0.0,0.001654729258007137,0.9856917471839588,0.9290696121445313,0.04447580827400088,0.024477024485046666,4.0461259611287065e-07,experiments/object_neighborhood_edge_control_v1/results/tables/panels_high_B1_time_2s_test.json,9179252e965e33dfdb9a456ce2d907500160be00e7b39064b024f7ddc56c1dc7
panels_high,B1_time_2s,val,1729,6,10659,1.7019000990937154,47.81729715714196,0.9990726013978323,1.819955696191755e-05,0.003970952614805073,0.33972933006814604,1.0,,,0.00031534440010242787,0.9972313365510893,0.9829558940709341,0.011283680951843659,0.009349934911976257,4.267124283548658e-09,experiments/object_neighborhood_edge_control_v1/results/tables/panels_high_B1_time_2s_val.json,8e12c4d0653482ec46c75aa724a5e1432c49d49c00a51558e9d236a44c6ac052
panels_high,B1_time_2s,val,1729,6,10659,1.7045548728977642,47.81729715714196,0.9990726013978323,1.819955696191755e-05,0.003970952614805073,0.33972933006814604,1.0,6.909958925358163e-06,0.0,0.00031534440010242787,0.9972313365510893,0.9829558940709341,0.011283680951843659,0.009349934911976257,4.267124283548658e-09,experiments/object_neighborhood_edge_control_v1/results/tables/panels_high_B1_time_2s_val_coverage_v2.json,7b7f1418cf843c5106a76f37d5be5bc1a9a89e0729c603ae71aafb139efef1b6
panels_high,B1,val,1729,6,10659,1.7028303661694129,47.818103988172226,0.9990727603435516,1.820833404053701e-05,0.0038589702302537494,0.3229620097752736,1.0,,,0.00031534440010242787,0.9972313365510893,0.9829558940709341,0.011281718189517656,0.009323262764761845,4.234673759799061e-09,experiments/object_neighborhood_edge_control_v1/results/tables/panels_high_B1_val.json,de54328801b4075f1fee6d0160b1836b395a5c4673990a9ee611c367cd821e7d
panels_high,B1,val,1729,6,10659,1.7028665325293937,47.818103988172226,0.9990727603435516,1.820833404053701e-05,0.0038589702302537494,0.3229620097752736,1.0,6.909958925358163e-06,0.0,0.00031534440010242787,0.9972313365510893,0.9829558940709341,0.011281718189517656,0.009323262764761845,4.234673759799061e-09,experiments/object_neighborhood_edge_control_v1/results/tables/panels_high_B1_val_coverage_v2.json,31956d4dd4b0bd1bae52345ec9585482c051b34618003279f6c794802e23adb7
panels_high,B3_uniform,test,1729,12,10659,1.7067992050821583,39.234290943248475,0.9839643637339274,0.0009779179338996375,1.7383313003803629,0.7464772856622196,0.9509803921568628,0.0019802393008077966,0.0,0.003051206120289862,0.9874038033399697,0.9356744841411907,0.042939419858157635,0.023598225321620703,6.488160643414176e-06,experiments/object_neighborhood_edge_control_v1/results/tables/panels_high_B3_uniform_test.json,ada6435c081f78dcf31317512b53d5f7da527ebcd6648209439b29f05cf3c3e3
panels_high,B3_uniform,val,1729,6,10659,1.702425132195155,47.683304495963604,0.9990184108416239,2.9032804680658348e-05,0.010303074350677472,0.2438309796171699,1.0,,,0.0013018057895048212,0.9973603194326152,0.9836800606680093,0.0109723093919456,0.009661932320644459,2.20539879099609e-07,experiments/object_neighborhood_edge_control_v1/results/tables/panels_high_B3_uniform_val.json,195ed98493b816b8666e6ffc72a1901414a2646c72a24256eed9c057ba550b37
panels_high,B3_uniform,val,1729,6,10659,1.7053075367584825,47.683304495963604,0.9990184108416239,2.9032804680658348e-05,0.010303074350677472,0.2438309796171699,1.0,9.290809269867206e-06,2.6049807231426486e-05,0.0013018057895048212,0.9973603194326152,0.9836800606680093,0.0109723093919456,0.009661932320644459,2.20539879099609e-07,experiments/object_neighborhood_edge_control_v1/results/tables/panels_high_B3_uniform_val_coverage_v2.json,9e9e3d0439e195adaa9c0e039778e3ffb618bc60044000739f57befacb8ef30b
panels_high,B4_mask_only,test,1729,12,10659,1.707274497797092,39.12111247034226,0.9828423808018366,0.0013218978889805537,2.0780878942827465,0.7146167145584018,0.9460784313725491,0.0005322636538469839,0.0,0.001654729258007137,0.9856917471839588,0.9290696121445313,0.04471857799217105,0.024436647538095713,0.0,experiments/object_neighborhood_edge_control_v1/results/tables/panels_high_B4_mask_only_test.json,e9d1cd0bb10067f39eae7a052eef54f317899c233210dcf5b3bc4c039d2409ae
panels_high,B4_mask_only,val,1729,6,10659,1.7093193639690678,47.81579256017176,0.9990718960762024,1.8487088406497303e-05,0.003808150799890142,0.32637389347642726,1.0,,,0.00031534440010242787,0.9972313365510893,0.9829558940709341,0.011288877887030443,0.009340251019845406,0.0,experiments/object_neighborhood_edge_control_v1/results/tables/panels_high_B4_mask_only_val.json,dac9a564cfff38707f93a7daedc45f0547f3e4b5618a7c38b07f7c99574200f9
panels_high,B4_mask_only,val,1729,6,10659,1.7087176674976945,47.81579256017176,0.9990718960762024,1.8487088406497303e-05,0.003808150799890142,0.32637389347642726,1.0,6.909958925358163e-06,0.0,0.00031534440010242787,0.9972313365510893,0.9829558940709341,0.011288877887030443,0.009340251019845406,0.0,experiments/object_neighborhood_edge_control_v1/results/tables/panels_high_B4_mask_only_val_coverage_v2.json,7678ff95e5d618841a1951f2ddc34378aa74e9bd0e5789e2755ac75fec05f2d3
panels_high,B4_official,path,1729,36,9798,1.7132396654536326,31.066583904998865,0.9703370812866423,0.003483127272273931,4.193502489133668,1.104683584710703,0.9281045751633987,0.00249723779421991,2.1826207642463686e-05,0.00142414932553139,0.9794695674729584,0.8977560876329898,0.07578534943362077,0.036221211620916925,0.0001304426180771164,experiments/object_neighborhood_edge_control_v1/results/tables/panels_high_B4_official_path.json,1b660de7ac688df9527ef2a3d69b4db03de2fcd9546728c24908a4a580c111d6
panels_high,B4_official,test,1729,12,9798,1.7040481325238943,36.51284871620155,0.9832158088684082,0.002639146417398782,2.622477969667477,0.803017352499325,0.9558823529411765,0.004436954287139645,0.034296704339522026,0.0009077443913459623,0.9875715340128369,0.9349657188786681,0.04540981841273606,0.024446566744397085,8.143654774054691e-05,experiments/object_neighborhood_edge_control_v1/results/tables/panels_high_B4_official_test.json,752aa969e1206605b6b30ba8eac788d04e8f9e96e430a4491503c9df4114d5db
panels_high,B4_official,val,1729,6,9798,1.7072464028994243,41.3531615099508,0.9962889353434244,0.0012176273351845641,0.7434288026552291,0.3410149118623696,0.9901960784313726,,,0.00024947174582242343,0.9974347945131329,0.9838618344406882,0.014962262163559595,0.012495718120286861,3.32589961544727e-05,experiments/object_neighborhood_edge_control_v1/results/tables/panels_high_B4_official_val.json,99c095b61dcc4755c8a1e6f93f882de3d733968b651e52ba902056db8da2815c
panels_high,B4_official,val,1729,6,9798,1.709454134106636,41.3531615099508,0.9962889353434244,0.0012176273351845641,0.7434288026552291,0.3410149118623696,0.9901960784313726,0.006235961350622449,0.07081726051633012,0.00024947174582242343,0.9974347945131329,0.9838618344406882,0.014962262163559595,0.012495718120286861,3.32589961544727e-05,experiments/object_neighborhood_edge_control_v1/results/tables/panels_high_B4_official_val_coverage_v2.json,59d14c6ea449e153aee9630880377502fb473d98df20cb7655a018788ce502bc
panels_high,B6,test,1729,12,10659,1.703928930995365,39.006715047113566,0.9827734629313151,0.0013125055492461495,2.072629216223655,0.8013917342321139,0.9460784313725491,0.0005322636538469839,0.0,0.001654729258007137,0.9856917471839588,0.9290696121445313,0.044970507733523846,0.025568367292483647,1.0776815789389123e-06,experiments/object_neighborhood_edge_control_v1/results/tables/panels_high_B6_test.json,f196c9f0d043898ce5452d893ca74e3e60ed62ca4d5bcd048a523026caabea9b
panels_high,B6_time_1s,test,1729,12,10659,1.7103044704223673,39.05038285861124,0.9828111231327057,0.0013212218778638392,2.073265091974665,0.7539086836340765,0.9460784313725491,0.0005322636538469839,0.0,0.001654729258007137,0.9856917471839588,0.9290696121445313,0.04476899568301936,0.024890539158756535,4.3996303370856066e-07,experiments/object_neighborhood_edge_control_v1/results/tables/panels_high_B6_time_1s_test.json,cef3e4eff57cdbd1c1150518418f6cdaf22b66ed51972b2a3dd932647a4be293
panels_high,B6_time_1s,val,1729,6,10659,1.7100763274356723,47.67298217581881,0.9990320901075999,1.8573588628593523e-05,0.00402438088537044,0.344108233197257,1.0,,,0.00031534440010242787,0.9972313365510893,0.9829558940709341,0.011436809475223223,0.010062464978545904,4.841665059984734e-07,experiments/object_neighborhood_edge_control_v1/results/tables/panels_high_B6_time_1s_val.json,9d0a714dece4f5339990ded6801d3f62a0f979e60aef9e2f6189cf91c1154d8a
panels_high,B6_time_1s,val,1729,6,10659,1.7060274025425315,47.67298217581881,0.9990320901075999,1.8573588628593523e-05,0.00402438088537044,0.344108233197257,1.0,6.909958925358163e-06,0.0,0.00031534440010242787,0.9972313365510893,0.9829558940709341,0.011436809475223223,0.010062464978545904,4.841665059984734e-07,experiments/object_neighborhood_edge_control_v1/results/tables/panels_high_B6_time_1s_val_coverage_v2.json,0b68ad0c2b99a42bd487d42f4d8bd06a9edc2f85adabed8c133a505e1a9f7fb5
panels_high,B6_time_2s,test,1729,12,10659,1.7028383677825332,38.94727842055881,0.982757568359375,0.0013229641864048365,2.068798711425037,0.7078715943294579,0.9460784313725491,0.0005322636538469839,0.0,0.001654729258007137,0.9856917471839588,0.9290696121445313,0.044928735199694834,0.027367012730489176,9.875222891272035e-07,experiments/object_neighborhood_edge_control_v1/results/tables/panels_high_B6_time_2s_test.json,e0c10048e9b83de21614462edd96f5181e02a9e51559f7d881a186d951f528b8
panels_high,B6_time_2s,val,1729,6,10659,1.7066409345716238,47.4695690344154,0.998977412780126,1.88960430023144e-05,0.0042748807148379865,0.4428144506922515,1.0,,,0.00031534440010242787,0.9972313365510893,0.9829558940709341,0.011647686284656325,0.012406022443125645,1.058965599061897e-06,experiments/object_neighborhood_edge_control_v1/results/tables/panels_high_B6_time_2s_val.json,938c5e7670afa81b7bb8ebe50b1a42d1643a30e032f2ed9dabb175e22e77e80e
panels_high,B6_time_2s,val,1729,6,10659,1.836542699796458,47.4695690344154,0.998977412780126,1.88960430023144e-05,0.0042748807148379865,0.4428144506922515,1.0,6.909958925358163e-06,0.0,0.00031534440010242787,0.9972313365510893,0.9829558940709341,0.011647686284656325,0.012406022443125645,1.058965599061897e-06,experiments/object_neighborhood_edge_control_v1/results/tables/panels_high_B6_time_2s_val_coverage_v2.json,76122175b7416c247cc15e30c4d6c9495967dfe6173e5e1e2434e7b539e3db60
panels_high,B6,val,1729,6,10659,1.7041929997503757,47.58018803044693,0.9989885290463766,1.8666160334153876e-05,0.0041887101517483726,0.36065625353133174,1.0,,,0.00031534440010242787,0.9972313365510893,0.9829558940709341,0.01176816737279296,0.010707886889576912,1.1275478755123913e-06,experiments/object_neighborhood_edge_control_v1/results/tables/panels_high_B6_val.json,7c8dff899650d52804f7668ae47fe0f2f596492c8f8251520c8c819b402ecb4b
panels_high,B6,val,1729,6,10659,1.840225529546539,47.58018803044693,0.9989885290463766,1.8666160334153876e-05,0.0041887101517483726,0.36065625353133174,1.0,6.909958925358163e-06,0.0,0.00031534440010242787,0.9972313365510893,0.9829558940709341,0.01176816737279296,0.010707886889576912,1.1275478755123913e-06,experiments/object_neighborhood_edge_control_v1/results/tables/panels_high_B6_val_coverage_v2.json,20e2cf5f592231c0d1c2a8b45870f6bae040e0936fb2e4b4af1b246b6c1af08e
panels_high,C0_control,path,1729,36,10659,1.7047436364615958,30.02745724499077,0.9671870950195525,0.0022686934361344255,3.8368855717859542,0.9636315136219749,0.9150326797385622,0.0006928575108991554,0.0,0.00291269774768605,0.9752234690289955,0.8829034314196984,0.07779527093387312,0.03900731122121215,2.942964163261181e-10,experiments/object_neighborhood_edge_control_v1/results/tables/panels_high_C0_control_path.json,bde8dd595de60874960c09b9c7c4f34df31783bb9baddc49e766375521617775
panels_high,C0_control,test,1729,12,10659,1.706003195916613,39.12160096160171,0.982842892408371,0.0013221438507571293,2.0772270923114946,0.7142944672831549,0.9460784313725491,0.0005322636538469839,0.0,0.001654729258007137,0.9856917471839588,0.9290696121445313,0.04471944187146922,0.024422980456923444,6.15008509396997e-10,experiments/object_neighborhood_edge_control_v1/results/tables/panels_high_C0_control_test.json,0707b39783f79a06ce4d3b4c801b0215888dda372adb878ea3c04fe8ccad66d4
panels_high,C0_control_time_1s,test,1729,12,10659,1.7072303608680763,39.1218667941045,0.9828432550032934,0.0013226923939934447,2.0791067665577234,0.714699261844194,0.9460784313725491,0.0005322636538469839,0.0,0.001654729258007137,0.9856917471839588,0.9290696121445313,0.04472204569416741,0.024416402370358508,5.201882067457086e-10,experiments/object_neighborhood_edge_control_v1/results/tables/panels_high_C0_control_time_1s_test.json,8addf70a57e2de565a3145f8088e0e845e95427c002cca85c38d68986e16455e
panels_high,C0_control_time_1s,val,1729,6,10659,1.7030650284141302,47.81719592656548,0.9990724921226501,1.8183327028964413e-05,0.00380330629237554,0.3268085835646416,1.0,,,0.00031534440010242787,0.9972313365510893,0.9829558940709341,0.011286562153448662,0.009311839317282041,8.574673101187832e-10,experiments/object_neighborhood_edge_control_v1/results/tables/panels_high_C0_control_time_1s_val.json,30c0c9c22c61451cb96027a98148d0cce7a112f616ffc4fb482bf389dc8ff58d
panels_high,C0_control_time_1s,val,1729,6,10659,1.7159103027855358,47.81719592656548,0.9990724921226501,1.8183327028964413e-05,0.00380330629237554,0.3268085835646416,1.0,6.909958925358163e-06,0.0,0.00031534440010242787,0.9972313365510893,0.9829558940709341,0.011286562153448662,0.009311839317282041,8.574673101187832e-10,experiments/object_neighborhood_edge_control_v1/results/tables/panels_high_C0_control_time_1s_val_coverage_v2.json,fe77fa39d2a079f3dfdc410846fffa403245b5dd82eef4874107f22f46bbb773
panels_high,C0_control_time_2s,test,1729,12,10659,1.7019072004283469,39.12187412593878,0.9828441639741262,0.0013211255634359986,2.076187717086345,0.7143745629695523,0.9460784313725491,0.0005322636538469839,0.0,0.001654729258007137,0.9856917471839588,0.9290696121445313,0.04471977947590252,0.02441598925118645,5.784318787838139e-10,experiments/object_neighborhood_edge_control_v1/results/tables/panels_high_C0_control_time_2s_test.json,6b3c526771f4d7285cdb70dbefd6128051d8573ca7054087063407c08126eeae
panels_high,C0_control_time_2s,val,1729,6,10659,1.7014939958850541,47.816630543062246,0.9990723729133606,1.8219808528859478e-05,0.0037102394384399217,0.32650084357365167,1.0,,,0.00031534440010242787,0.9972313365510893,0.9829558940709341,0.011287438062330088,0.009312518872320652,9.204336228381867e-10,experiments/object_neighborhood_edge_control_v1/results/tables/panels_high_C0_control_time_2s_val.json,330a3d5611e910e3adb9d8cd315499e3310cb976e6085aaf8455c2d3464c2661
panels_high,C0_control_time_2s,val,1729,6,10659,1.7074769673248131,47.816630543062246,0.9990723729133606,1.8219808528859478e-05,0.0037102394384399217,0.32650084357365167,1.0,6.909958925358163e-06,0.0,0.00031534440010242787,0.9972313365510893,0.9829558940709341,0.011287438062330088,0.009312518872320652,9.204336228381867e-10,experiments/object_neighborhood_edge_control_v1/results/tables/panels_high_C0_control_time_2s_val_coverage_v2.json,2f5a23b2c33d41a58348c4ee91ba52ff59848c669d4f29e6611f169f7b4cf2c0
panels_high,C0_control,val,1729,6,10659,1.7047973660131297,47.81615829485023,0.9990722437699636,1.8265647819741087e-05,0.0038466257505546907,0.32704831193658285,1.0,,,0.00031534440010242787,0.9972313365510893,0.9829558940709341,0.011286409571766853,0.009323098851988712,9.574274428825191e-10,experiments/object_neighborhood_edge_control_v1/results/tables/panels_high_C0_control_val.json,c151637eb2a3623b2239f3e3c2f5ad1237a7b7fea6990241404455922c7874dd
panels_high,C0_control,val,1729,6,10659,1.706522866152227,47.81615829485023,0.9990722437699636,1.8265647819741087e-05,0.0038466257505546907,0.32704831193658285,1.0,6.909958925358163e-06,0.0,0.00031534440010242787,0.9972313365510893,0.9829558940709341,0.011286409571766853,0.009323098851988712,9.574274428825191e-10,experiments/object_neighborhood_edge_control_v1/results/tables/panels_high_C0_control_val_coverage_v2.json,36e16fa510bdbdb8ae9e77bab78b843554fa8cba1d882251111da6cdaf5b6680
panels_high,C1_control,path,1729,36,10659,1.7045819278185568,30.209451681828536,0.9673972262276543,0.0022475020438529705,3.8231052227369298,0.895025408051751,0.9150326797385622,0.0006928575108991554,0.0,0.00291269774768605,0.9752234690289955,0.8829034314196984,0.07778886498676406,0.03903651273705893,2.5004606101219906e-06,experiments/object_neighborhood_edge_control_v1/results/tables/panels_high_C1_control_path.json,ed93005a3cb8217d42016eca05c5cb19e176b46483d78136cc32997b793607e1
panels_high,C1_control,test,1729,12,10659,1.7041249045481284,39.14933734433187,0.9829206615686417,0.0013110134011640184,2.0698596764431056,0.7114235963280541,0.9460784313725491,0.0005322636538469839,0.0,0.001654729258007137,0.9856917471839588,0.9290696121445313,0.04478428474006554,0.024608969688415527,1.5264246968627049e-06,experiments/object_neighborhood_edge_control_v1/results/tables/panels_high_C1_control_test.json,5e644ed71af7464527e420f60ec9aaf47e00588f9c94c84a2a833858189b6b83
panels_high,C1_control_time_1s,test,1729,12,10659,1.708390664619704,39.11968534537234,0.9828244298696518,0.0013220382433397997,2.0780297443872064,0.7702711032926403,0.9460784313725491,0.0005322636538469839,0.0,0.001654729258007137,0.9856917471839588,0.9290696121445313,0.04474090016447008,0.024478779174387455,2.652174823462398e-07,experiments/object_neighborhood_edge_control_v1/results/tables/panels_high_C1_control_time_1s_test.json,31513ba0f6b3e1e185832165f3528c167f113c174258e074730db475264f9ee3
panels_high,C1_control_time_1s,val,1729,6,10659,1.7069655392939846,47.76877730928114,0.9990520775318146,1.8470642316970043e-05,0.004087746031770908,0.3891210211113602,1.0,,,0.00031534440010242787,0.9972313365510893,0.9829558940709341,0.011337665530542532,0.009485910646617413,1.8659020402841028e-07,experiments/object_neighborhood_edge_control_v1/results/tables/panels_high_C1_control_time_1s_val.json,d68bf0a77282ce0529d72b88dd7aee5998b0104e79df95998725d26493f3de97
panels_high,C1_control_time_1s,val,1729,6,10659,1.7044206693147619,47.76877730928114,0.9990520775318146,1.8470642316970043e-05,0.004087746031770908,0.3891210211113602,1.0,6.909958925358163e-06,0.0,0.00031534440010242787,0.9972313365510893,0.9829558940709341,0.011337665530542532,0.009485910646617413,1.8659020402841028e-07,experiments/object_neighborhood_edge_control_v1/results/tables/panels_high_C1_control_time_1s_val_coverage_v2.json,5d3638190f36c7cd8e03a761d8fbae080d984f87f44a530ba51ec199bc561d17
panels_high,C1_control_time_2s,test,1729,12,10659,1.7081487691029906,39.13165929748332,0.982875312368075,0.0013165633050296794,2.0735866114453754,0.7467383570199001,0.9460784313725491,0.0005322636538469839,0.0,0.001654729258007137,0.9856917471839588,0.9290696121445313,0.04479220098194977,0.025004391636078555,8.064156062914662e-07,experiments/object_neighborhood_edge_control_v1/results/tables/panels_high_C1_control_time_2s_test.json,a029938d0394634999eed03339abf1db3cf82a76ba5403253a31576d4a85680b
panels_high,C1_control_time_2s,val,1729,6,10659,1.7043082664410274,47.71644270354191,0.9990159471829733,1.873762221293873e-05,0.00387730578279064,0.4189083674069778,1.0,,,0.00031534440010242787,0.9972313365510893,0.9829558940709341,0.011437670793384314,0.010112962375084559,3.425929927895292e-07,experiments/object_neighborhood_edge_control_v1/results/tables/panels_high_C1_control_time_2s_val.json,afa19f6c77a12033d6507d26e41d14d2292f0966bc2c6aa75df0638261d1ac93
panels_high,C1_control_time_2s,val,1729,6,10659,1.7068113666027784,47.71644270354191,0.9990159471829733,1.873762221293873e-05,0.00387730578279064,0.4189083674069778,1.0,6.909958925358163e-06,0.0,0.00031534440010242787,0.9972313365510893,0.9829558940709341,0.011437670793384314,0.010112962375084559,3.425929927895292e-07,experiments/object_neighborhood_edge_control_v1/results/tables/panels_high_C1_control_time_2s_val_coverage_v2.json,e0960761697f92589d1716e099433783bd4de12e3cd53fe67c3ecc4bfb39c5ad
panels_high,C1_control,val,1729,6,10659,1.7057050640384357,47.697369670395574,0.999009907245636,1.846810088560839e-05,0.003997605288268637,0.38589498658496707,1.0,,,0.00031534440010242787,0.9972313365510893,0.9829558940709341,0.011437403038144112,0.0096759800799191,5.03754426025201e-07,experiments/object_neighborhood_edge_control_v1/results/tables/panels_high_C1_control_val.json,d5cd2eb762788650100d87a05a7bef5958fc0e040f20be447b445ae9410a8d2b
panels_high,C1_control,val,1729,6,10659,1.7041155059511461,47.697369670395574,0.999009907245636,1.846810088560839e-05,0.003997605288268637,0.38589498658496707,1.0,6.909958925358163e-06,0.0,0.00031534440010242787,0.9972313365510893,0.9829558940709341,0.011437403038144112,0.0096759800799191,5.03754426025201e-07,experiments/object_neighborhood_edge_control_v1/results/tables/panels_high_C1_control_val_coverage_v2.json,a8dca07dc59fa04d043efad8664a884f0a9f60406dc88a2cb898889b810477b4
panels_low,B0,val,1729,6,18455,1.7942408643042047,47.78507261383854,0.9987678229808807,1.3004937954974594e-05,,0.053872955132249906,0.0,0.0,0.0,0.4258291820685069,0.537104882857992,0.41653327879097785,0.020662358806778986,0.0037901589336494603,0.0,experiments/object_neighborhood_edge_control_v1/results/tables/panels_low_B0_val.json,b2bddca700a12cb244b406ae6634d66afa1683251014966731653de0c2b42fc3
panels_low,B1,val,1729,6,18455,1.8461724044755101,47.78535076537242,0.998767743508021,1.2986496282489194e-05,,0.055408378872022795,0.0,0.0,0.0,0.4258291820685069,0.537104882857992,0.41653327879097785,0.020661791786551476,0.0037373320665210485,4.1792220054996205e-09,experiments/object_neighborhood_edge_control_v1/results/tables/panels_low_B1_val.json,f79d8d2277c16a74e29c53e59cab0e11dba906efec6bafecc084a862f2f21911
panels_low,B3_uniform,val,1729,6,18455,1.7149075012033186,47.783925507000696,0.9987914164861044,1.2542716452420185e-05,,0.0560560478051425,0.0,0.0,0.0,0.4389420747756958,0.5255845027637837,0.40891306805278954,0.020060401254643995,0.0037525074246029058,7.891483969994321e-08,experiments/object_neighborhood_edge_control_v1/results/tables/panels_low_B3_uniform_val.json,b372cff03b055ba4ec772de8228cfd266cc03aa95089177571fcda414a61b90b
panels_low,B6,val,1729,6,18455,1.8455411385123928,47.286822975284196,0.9987366596857706,2.358050551265478e-05,,0.21846975746696828,0.0,0.0,0.0,0.4258291820685069,0.537104882857992,0.41653327879097785,0.020979896498223145,0.009668681770563126,1.8195040259646096e-06,experiments/object_neighborhood_edge_control_v1/results/tables/panels_low_B6_val.json,f6f433e9b1a7379558b0c81a7674a8b29230bacfaffeb64ffe66c942dd0b9454
panels_low,C0_control,val,1729,6,18455,1.7090431957816086,47.78507261383854,0.9987678229808807,1.3004937954974594e-05,,0.053872955132249906,0.0,0.0,0.0,0.4258291820685069,0.537104882857992,0.41653327879097785,0.020662358806778986,0.0037901589336494603,0.0,experiments/object_neighborhood_edge_control_v1/results/tables/panels_low_C0_control_val.json,a665451a3f92d67a965c25880a14e7dbdb8ac1680e6203e20ea6fd1532c3dfc5
panels_low,C1_control,val,1729,6,18455,1.8606019051124651,47.78507261383854,0.9987678229808807,1.3004937954974594e-05,,0.053872955132249906,0.0,0.0,0.0,0.4258291820685069,0.537104882857992,0.41653327879097785,0.020662358806778986,0.0037901589336494603,0.0,experiments/object_neighborhood_edge_control_v1/results/tables/panels_low_C1_control_val.json,e034abba098dfca8bfc2bf7e7158aea240b0d4f0917b6952261220509d49d0c6
