method,original_split,view,theta_deg,view_group,W_abs_error_px,edge_mse_linear,psnr_linear_db,profile_measurement_fraction,foreground_holes_all_reliable,target_band_holes_alpha_lt_095,outside_rgb_change_mse
B0,val,val_000,-26.7,within_training_azimuth,0.005285424991186847,1.3695388588530477e-05,47.96444478096688,1.0,,,0.0
B0,val,val_001,-17.7,within_training_azimuth,0.003488324731563666,1.883866571006365e-05,48.39717627093456,1.0,,,0.0
B0,val,val_002,-8.7,within_training_azimuth,0.0024148150419868895,1.3445808690448757e-05,47.88871322628648,1.0,,,0.0
B0,val,val_003,0.3,within_training_azimuth,0.0033515569160930646,2.5552097213221714e-05,47.2869602539967,1.0,,,0.0
B0,val,val_004,9.3,within_training_azimuth,0.004448937434276937,2.528218101360835e-05,47.95652811357976,1.0,,,0.0
B0,val,val_005,17.1,within_training_azimuth,0.00385984568423345,1.4108389223110862e-05,47.40093271526617,1.0,,,0.0
B0,test,test_000,-25.5,within_training_azimuth,0.0038805723828330926,1.3137327186996117e-05,47.35822443222284,1.0,2.83362377977076e-05,0.0,0.0
B0,test,test_001,-16.5,within_training_azimuth,0.003434644641982444,1.9990182408946566e-05,48.204577391341616,1.0,1.352210187551553e-05,0.0,0.0
B0,test,test_002,-7.5,within_training_azimuth,0.003932842163050794,1.526502637716476e-05,47.88717438428479,1.0,1.319504921753358e-05,0.0,0.0
B0,test,test_003,1.5,within_training_azimuth,0.003033536931676863,1.1754988008760847e-05,47.82658846265026,1.0,0.0,0.0,0.0
B0,test,test_004,10.5,within_training_azimuth,0.004421361150369357,2.2637574147665873e-05,47.127589368716116,1.0,0.0,0.0,0.0
B0,test,test_005,16.5,within_training_azimuth,0.0033836766909669524,1.2418606274877675e-05,48.42089331044513,1.0,0.0,0.0,0.0
B0,test,test_006,22.0,outside_training_azimuth,0.053748177018115795,0.00016053704894147813,39.10868322835445,1.0,0.0,0.0,0.0
B0,test,test_007,24.0,outside_training_azimuth,0.77468206356028,0.00033618276938796043,33.72800668749217,1.0,0.0,0.0,0.0
B0,test,test_008,26.0,outside_training_azimuth,1.995327013435057,0.0008572659571655095,30.62147088852577,1.0,0.0,0.0,0.0
B0,test,test_009,28.0,outside_training_azimuth,4.26433294999809,0.00225048023276031,28.152961420651344,1.0,0.0,0.0,0.0
B0,test,test_010,30.0,outside_training_azimuth,6.908675820286847,0.004294202197343111,26.293023040984046,0.7647058823529411,0.0012077472567935783,0.0,0.0
B0,test,test_011,32.0,outside_training_azimuth,10.918202073133688,0.007868902757763863,24.72415702843856,0.5882352941176471,0.005124363200479472,0.0,0.0
B1,val,val_000,-26.7,within_training_azimuth,0.0057319448718426,1.3112591659591999e-05,47.971109160632544,1.0,,,7.55420881404234e-09
B1,val,val_001,-17.7,within_training_azimuth,0.003523771507183278,1.8366123185842298e-05,48.401694398224784,1.0,,,4.6669885733763294e-09
B1,val,val_002,-8.7,within_training_azimuth,0.00254878228229815,1.3144061995262746e-05,47.88845039931744,1.0,,,3.786875257816291e-09
B1,val,val_003,0.3,within_training_azimuth,0.003610863382032778,2.624126136652194e-05,47.28405118861193,1.0,,,3.1950002643554853e-09
B1,val,val_004,9.3,within_training_azimuth,0.003134269301318705,2.4427296011708677e-05,47.96145630687707,1.0,,,2.93144308827209e-09
B1,val,val_005,17.1,within_training_azimuth,0.004604190036846985,1.3958670024294406e-05,47.4018624753696,1.0,,,3.2735265609318276e-09
B1,test,test_000,-25.5,within_training_azimuth,0.004343718892134428,1.2720032827928662e-05,47.36282968886642,1.0,2.83362377977076e-05,0.0,6.3541660821897494e-09
B1,test,test_001,-16.5,within_training_azimuth,0.0030220291685639188,1.93500909517752e-05,48.210178624163746,1.0,1.352210187551553e-05,0.0,4.5229424650017336e-09
B1,test,test_002,-7.5,within_training_azimuth,0.003924212522048867,1.4825728612777311e-05,47.8876838710197,1.0,1.319504921753358e-05,0.0,3.6211034171174106e-09
B1,test,test_003,1.5,within_training_azimuth,0.0033069103849790744,1.2077457540726755e-05,47.82415808694257,1.0,0.0,0.0,3.0071365397787986e-09
B1,test,test_004,10.5,within_training_azimuth,0.003669691309562478,2.2058173271943815e-05,47.13028897712226,1.0,0.0,0.0,3.026398465166835e-09
B1,test,test_005,16.5,within_training_azimuth,0.003219305170869331,1.2160776350356173e-05,48.42305454258937,1.0,0.0,0.0,3.2810891781309692e-09
B1,test,test_006,22.0,outside_training_azimuth,0.054925598785380315,0.00016206926375161856,39.1407042319215,1.0,0.0,0.0,9.08970037016843e-08
B1,test,test_007,24.0,outside_training_azimuth,0.7801182799486469,0.00033874460496008396,33.772931414387486,1.0,0.0,0.0,4.4821817368756456e-07
B1,test,test_008,26.0,outside_training_azimuth,2.003092517845872,0.000863397610373795,30.658260234451447,1.0,0.0,0.0,7.61606429477979e-07
B1,test,test_009,28.0,outside_training_azimuth,4.281306084496492,0.0022665709257125854,28.183846699530246,1.0,0.0,0.0,1.1311788057355443e-06
B1,test,test_010,30.0,outside_training_azimuth,6.911156416135769,0.004311678931117058,26.322552691655403,0.7647058823529411,0.0012077472567935783,0.0,1.5344725170507445e-06
B1,test,test_011,32.0,outside_training_azimuth,10.911745056797653,0.007887241430580616,24.75437334362379,0.5882352941176471,0.005124363200479472,0.0,1.991005092349951e-06
B3_uniform,val,val_000,-26.7,within_training_azimuth,0.021799653618756982,4.189136961940676e-05,47.72088253120663,1.0,,,2.9698927050958446e-07
B3_uniform,val,val_001,-17.7,within_training_azimuth,0.004546592778217934,3.0672319553559646e-05,48.24383497870747,1.0,,,1.8891741149218433e-07
B3_uniform,val,val_002,-8.7,within_training_azimuth,0.008550490249511626,1.6707628674339503e-05,47.81229865337269,1.0,,,1.6296669969051436e-07
B3_uniform,val,val_003,0.3,within_training_azimuth,0.008144685871419477,3.433020901866257e-05,47.1073714709928,1.0,,,1.9643036353045318e-07
B3_uniform,val,val_004,9.3,within_training_azimuth,0.00794650296706931,2.847970972652547e-05,47.84259892156701,1.0,,,1.896809322943227e-07
B3_uniform,val,val_005,17.1,within_training_azimuth,0.010830520619089505,2.2115591491456144e-05,47.37284041993506,1.0,,,2.88254597080595e-07
B3_uniform,test,test_000,-25.5,within_training_azimuth,0.018039123515374924,3.766770169022493e-05,47.165626296669565,1.0,2.83362377977076e-05,0.0,2.7681755909725325e-07
B3_uniform,test,test_001,-16.5,within_training_azimuth,0.005299026528322435,3.1999890779843554e-05,48.05987064848828,1.0,1.352210187551553e-05,0.0,1.8871037354983855e-07
B3_uniform,test,test_002,-7.5,within_training_azimuth,0.007904364758150947,1.784895903256256e-05,47.8163958410404,1.0,1.319504921753358e-05,0.0,1.4781879542624665e-07
B3_uniform,test,test_003,1.5,within_training_azimuth,0.008515649922541103,2.38739448832348e-05,47.647604500240526,1.0,0.0,0.0,1.7916546823926183e-07
B3_uniform,test,test_004,10.5,within_training_azimuth,0.00890485863540256,2.563278940215241e-05,47.0498981377186,1.0,0.0,0.0,1.9166688502991747e-07
B3_uniform,test,test_005,16.5,within_training_azimuth,0.010335628820382662,2.1574865968432277e-05,48.35565848184799,1.0,0.0,0.0,2.6897055249719415e-07
B3_uniform,test,test_006,22.0,outside_training_azimuth,0.039391767542963994,0.00011023820115951821,39.61604142900503,1.0,0.0,0.0,1.823711272663786e-06
B3_uniform,test,test_007,24.0,outside_training_azimuth,0.32352522345894147,0.0002180299925385043,34.07234612226994,1.0,0.0,0.0,4.836222160520265e-06
B3_uniform,test,test_008,26.0,outside_training_azimuth,1.1754768529595567,0.0005336654139682651,30.951837886352184,1.0,0.0,0.0,8.916757906263229e-06
B3_uniform,test,test_009,28.0,outside_training_azimuth,3.221298202300808,0.0013863786589354277,28.47647113568787,1.0,0.0037985327804680026,0.0,1.4370626558957156e-05
B3_uniform,test,test_010,30.0,outside_training_azimuth,6.004050397556341,0.003131215227767825,26.595703547559353,0.7647058823529411,0.008012372045069592,0.0,2.026401307375636e-05
B3_uniform,test,test_011,32.0,outside_training_azimuth,10.037234508565568,0.006196889560669661,25.004037292101966,0.6470588235294118,0.011896913395265208,0.0,2.6393447114969604e-05
B6,val,val_000,-26.7,within_training_azimuth,0.007450232448607378,1.315278495894745e-05,47.69832951923023,1.0,,,1.201817440232844e-06
B6,val,val_001,-17.7,within_training_azimuth,0.0034919905232675603,1.8946173440781422e-05,48.12872780488259,1.0,,,1.1043292715839925e-06
B6,val,val_002,-8.7,within_training_azimuth,0.003381841949793002,1.3692595530301332e-05,47.63122697255119,1.0,,,1.1848921985802008e-06
B6,val,val_003,0.3,within_training_azimuth,0.003204930264424425,2.697411946428474e-05,47.057976555456555,1.0,,,1.1915755067093414e-06
B6,val,val_004,9.3,within_training_azimuth,0.00355338975381141,2.5137849661405198e-05,47.73892478603156,1.0,,,1.0517188684389112e-06
B6,val,val_005,17.1,within_training_azimuth,0.004049875970586461,1.4093438949203119e-05,47.22594254452949,1.0,,,1.030953967529058e-06
B6,test,test_000,-25.5,within_training_azimuth,0.006468264695047439,1.2765430255967658e-05,47.12271075792506,1.0,2.83362377977076e-05,0.0,1.2043728929711506e-06
B6,test,test_001,-16.5,within_training_azimuth,0.0032418422383331128,1.9957853510277346e-05,47.9472384739092,1.0,1.352210187551553e-05,0.0,1.118011482503789e-06
B6,test,test_002,-7.5,within_training_azimuth,0.004803168036451984,1.5292616808437742e-05,47.63103558931665,1.0,1.319504921753358e-05,0.0,1.1980737326666713e-06
B6,test,test_003,1.5,within_training_azimuth,0.0031526491795988267,1.2667837836488616e-05,47.57629057026161,1.0,0.0,0.0,1.1564370652195066e-06
B6,test,test_004,10.5,within_training_azimuth,0.0032203052515322413,2.2579313736059703e-05,46.94917166555746,1.0,0.0,0.0,1.0619446584314574e-06
B6,test,test_005,16.5,within_training_azimuth,0.0036839480896082707,1.2279216207389254e-05,48.20183704867653,1.0,0.0,0.0,1.0286107681167778e-06
B6,test,test_006,22.0,outside_training_azimuth,0.05463473201118075,0.00015804206486791372,39.09605129255252,1.0,0.0,0.0,1.0534981811360922e-06
B6,test,test_007,24.0,outside_training_azimuth,0.765498236149451,0.0003338357200846076,33.73218883450928,1.0,0.0,0.0,1.0428644827698008e-06
B6,test,test_008,26.0,outside_training_azimuth,1.982376397693874,0.0008510211482644081,30.627700166914313,1.0,0.0,0.0,1.0382434538769303e-06
B6,test,test_009,28.0,outside_training_azimuth,4.2495074983964365,0.002224176423624158,28.161166353389092,1.0,0.0,0.0,9.955074347089976e-07
B6,test,test_010,30.0,outside_training_azimuth,6.8907723072041875,0.004260904621332884,26.301744318277546,0.7647058823529411,0.0012077472567935783,0.0,1.0162497119381442e-06
B6,test,test_011,32.0,outside_training_azimuth,10.90419124573816,0.007826544344425201,24.733445494073464,0.5882352941176471,0.005124363200479472,0.0,1.0183650829276303e-06
C1_control,val,val_000,-26.7,within_training_azimuth,0.006881387057998097,1.2998910278838594e-05,47.86523775898864,1.0,,,4.970730742570595e-07
C1_control,val,val_001,-17.7,within_training_azimuth,0.0031379963003647614,1.870582127594389e-05,48.274508261620866,1.0,,,4.873099328506214e-07
C1_control,val,val_002,-8.7,within_training_azimuth,0.0031408801384983495,1.3325564395927358e-05,47.76086359101019,1.0,,,4.6595508251812134e-07
C1_control,val,val_003,0.3,within_training_azimuth,0.0033159783950362067,2.6548781534074806e-05,47.16040858017222,1.0,,,5.194705181565951e-07
C1_control,val,val_004,9.3,within_training_azimuth,0.0031254308834574684,2.5139221179415472e-05,47.82262184892902,1.0,,,5.350617016119941e-07
C1_control,val,val_005,17.1,within_training_azimuth,0.004383958954256937,1.4090306649450213e-05,47.30057798165251,1.0,,,5.176562467568147e-07
C1_control,test,test_000,-25.5,within_training_azimuth,0.0055284159377444,1.2590387996169738e-05,47.269659718943096,1.0,2.83362377977076e-05,0.0,4.978912215847231e-07
C1_control,test,test_001,-16.5,within_training_azimuth,0.0030645865947138175,1.9696875824593008e-05,48.08891054607684,1.0,1.352210187551553e-05,0.0,4.873884336120682e-07
C1_control,test,test_002,-7.5,within_training_azimuth,0.004637409196865394,1.503676139691379e-05,47.75916849557342,1.0,1.319504921753358e-05,0.0,4.817252943212225e-07
C1_control,test,test_003,1.5,within_training_azimuth,0.003242949171153779,1.2290728591324296e-05,47.68458977626223,1.0,0.0,0.0,5.157325517757272e-07
C1_control,test,test_004,10.5,within_training_azimuth,0.00285321794169112,2.262351699755527e-05,47.01811516581388,1.0,0.0,0.0,5.352739549380203e-07
C1_control,test,test_005,16.5,within_training_azimuth,0.0034860437665225,1.2324862836976536e-05,48.292200138249726,1.0,0.0,0.0,5.25553389252309e-07
C1_control,test,test_006,22.0,outside_training_azimuth,0.055312735822854786,0.00015608122339472175,39.30191267891824,1.0,0.0,0.0,7.141544529076782e-07
C1_control,test,test_007,24.0,outside_training_azimuth,0.7586676543434782,0.00033153119147755206,33.95690251178961,1.0,0.0,0.0,1.4210346535037388e-06
C1_control,test,test_008,26.0,outside_training_azimuth,1.9788058985729606,0.0008476959192194045,30.803978595461807,1.0,0.0,0.0,2.0164925444987603e-06
C1_control,test,test_009,28.0,outside_training_azimuth,4.250539971003038,0.002219701884314418,28.30952709223717,1.0,0.0,0.0,2.7374542241886957e-06
C1_control,test,test_010,30.0,outside_training_azimuth,6.883847549408648,0.0042584543116390705,26.439035341770015,0.7647058823529411,0.0012077472567935783,0.0,3.6052138057129923e-06
C1_control,test,test_011,32.0,outside_training_azimuth,10.888329685557597,0.007824133150279522,24.86804807088638,0.5882352941176471,0.005124363200479472,0.0,4.779181836056523e-06
