rank,original_ID,raw_pixel_frequency,distinct_views,per_view_normalized_frequency,fallback_fraction,mean_center_alphaT,mean_endpoint_D,mean_unknown_bound,source_visible_mass,raw_per_visible_mass,view_exposure,r_007,r_033,r_059,r_086,r_000,r_008,r_018,r_030
1,67913,168,6,0.010242422350793194,1.0,0.08102641549859461,0.0029450752180786195,0.29279556018965586,30.12679100036621,5.576431953803438,6,29,27,14,32,29,0,0,37
2,57921,164,6,0.009917010520397514,0.9817073170731707,0.14124311904263934,0.01738663671383664,0.23152600028892842,45.92803239822388,3.5708039608146196,6,29,30,23,28,23,0,0,31
3,69965,152,6,0.009410886032854423,1.0,0.11530460396132089,0.005972515575556663,0.3067317519820982,29.997173070907593,5.067144148573634,6,26,33,7,25,30,0,0,31
4,643,131,5,0.008555833230141124,1.0,0.21075785836873165,0.08234917051462103,0.4147563543711,290.3750726878643,0.4511406533191542,8,32,38,0,23,22,0,0,16
5,25797,127,5,0.008356738514972845,0.2283464566929134,0.5224531235422675,0.4252339205594631,0.0416316053441425,735.3816680908203,0.1726994369192181,7,30,34,0,32,19,0,0,12
6,18324,124,5,0.008043709659354834,1.0,0.17611469592778914,0.08490905175026713,0.5864349394556014,126.9843065738678,0.9764986189680707,8,38,22,0,22,17,0,0,25
7,62642,124,5,0.007971041788476583,1.0,0.10649168104939763,0.0029164369721492505,0.27422368138908376,27.563305497169495,4.498734740386406,6,26,26,0,31,21,0,0,20
8,178642,123,4,0.004191965150615446,0.4959349593495935,0.19395567343487002,0.1313527419763746,0.15372067636893533,171.19008362293243,0.7184995614052206,7,1,0,11,0,0,0,110,1
9,4212,118,6,0.007146088438109413,0.00847457627118644,0.14832355119919372,0.49023771942672084,0.25123328463000766,529.5044259778224,0.22284988417630766,8,14,22,3,18,34,0,0,27
10,65196,113,6,0.00698393176983148,1.0,0.123810754268867,0.0053864059735664405,0.33346715173890107,35.21221160888672,3.2091139646417868,6,21,28,9,14,21,0,0,20
11,67948,111,6,0.006946706042264512,1.0,0.11878476333426866,0.002067423472697116,0.29140356344145696,30.53923726081848,3.634668379305328,6,21,22,3,21,22,0,0,22
12,16707,102,5,0.006583380079478348,1.0,0.2270007985917961,0.1289558430865987,0.5470401168453927,113.20177865028381,0.9010459130250095,8,28,28,0,6,29,0,0,11
13,68774,100,6,0.006414094884567125,0.9,0.243839516825974,0.15779913862235845,0.5478033950924873,147.83458971977234,0.6764316807693982,8,24,20,2,22,15,0,0,17
14,105175,99,7,0.006007464396577777,0.04040404040404041,0.16867417642950183,0.5925255377842772,0.15629371158270675,161.3365249633789,0.6136242244121198,7,16,21,9,19,16,0,4,14
15,7916,95,6,0.00583493702079702,0.07368421052631578,0.2925017073750496,0.4726877282618692,0.27513309293671656,335.74220420978963,0.28295519243281947,8,16,13,2,18,25,0,0,21
16,485,95,5,0.006058707573319695,1.0,0.1972058023277082,0.051000628606728146,0.5266242231193342,192.5138510465622,0.49347098654747135,8,28,10,0,15,28,0,0,14
17,5571,93,6,0.0053359598171836675,0.0,0.12018174289535451,0.4801123225560752,0.2693465213461589,697.9917975203716,0.13323938809937905,8,6,10,5,8,41,0,0,23
18,20378,93,5,0.005622059081520692,1.0,0.23558228879526097,0.09071543509195688,0.4091771445287171,285.98073209263384,0.32519673377811964,8,12,17,0,11,26,0,0,27
19,9825,89,6,0.005356972262639327,1.0,0.2412546698129579,0.003214875711890865,0.5425759567303604,46.648901042179205,1.9078691675829105,8,12,14,6,15,23,0,0,19
20,11419,89,5,0.005642886478564108,0.8202247191011236,0.3143157187974855,0.1287303808226732,0.3560435528333267,406.9646515734494,0.21869221234792474,8,18,18,0,19,14,0,0,20
21,44839,88,7,0.004618403840025814,1.0,0.1924581405579705,0.014543082695250963,0.5582969588312235,44.97609186172485,1.9565950787931612,7,15,17,16,8,6,19,0,7
22,10100,87,8,0.0050823775214442046,1.0,0.1204945425791987,0.00515254927909834,0.42347099897505225,27.386481523513794,3.176749810862069,8,14,13,8,11,13,1,3,24
23,46638,87,5,0.005731217622505744,0.034482758620689655,0.24164964003895206,0.4775258028644255,0.22769584087119704,437.1502818763256,0.19901622761531973,8,22,22,0,22,11,0,0,10
24,176192,87,4,0.003126294931356062,0.632183908045977,0.08275949015100112,0.08492243046947252,0.13908340150340534,439.2014045715332,0.19808679820792835,7,0,0,20,1,0,0,63,3
25,1936,86,5,0.005605019645911628,0.0,0.21178055988884595,0.5050304471406826,0.16745678361418637,214.1913893520832,0.4015100712505069,8,22,20,0,18,15,0,0,11
26,674,85,5,0.005589342634284686,0.9882352941176471,0.21250575877287808,0.19466033589971415,0.6330879590090583,425.8456766605377,0.19960282482275293,8,23,21,0,18,14,0,0,9
27,67941,84,6,0.005318450955980384,1.0,0.09274295474668699,0.0022395067723625147,0.18708323811491331,26.89859700202942,3.1228394549225915,6,16,16,1,20,16,0,0,15
28,724,84,5,0.005632653776589145,0.011904761904761904,0.15845298645685293,0.3812253696932679,0.20227278618230707,333.8073469400406,0.251642154584118,8,23,23,0,22,15,0,0,1
29,176187,82,7,0.004439460827945468,0.4268292682926829,0.24484372343413713,0.22187572166894381,0.22677768026365014,518.6865158081055,0.1580916362790833,7,22,8,4,2,14,0,26,6
30,25379,80,7,0.004809223826738593,0.1125,0.21341719968477263,0.34402191210538147,0.20352524407207967,206.11003597825766,0.3881421863826132,8,14,14,10,15,14,2,0,11
31,7042,80,6,0.0047963242108913255,1.0,0.38818274568766353,0.01168318385771272,0.3206973530352116,57.97391223907471,1.3799310225967396,6,13,16,11,10,15,0,0,15
32,77834,79,8,0.0041942531224416135,1.0,0.17080923743970408,0.007929246928937043,0.6240741657682612,36.53798735141754,2.16213332278509,8,9,13,2,9,14,10,10,12
33,11720,79,7,0.004358620533543299,0.21518987341772153,0.2268325808587708,0.301364460028708,0.18520671251831175,169.11283405441827,0.4671437294615904,8,12,8,11,13,17,10,0,8
34,34843,77,6,0.004706362810262886,0.935064935064935,0.31340779039960404,0.06376523370423669,0.4974221889074747,94.61738395690918,0.8138039415153084,6,16,15,8,9,14,0,0,15
35,119263,77,5,0.004711500702438076,1.0,0.13972357225108456,0.07393515459072848,0.442803150841168,129.1487283706665,0.5962118324464198,6,12,19,0,1,33,0,0,12
36,5101,74,7,0.003775176705554181,1.0,0.18146300027650353,0.005514734847196992,0.6319997729481878,41.853172063827515,1.768085818851376,7,12,9,8,13,3,21,0,8
37,17052,74,6,0.004413702186356577,0.40540540540540543,0.21251352467397983,0.24255316911227498,0.2789460282672096,405.9288529753685,0.18229795555944447,8,12,10,5,8,20,0,0,19
38,71671,74,6,0.004491014259793428,0.7702702702702703,0.21529888810992642,0.18960774646493028,0.3837072036757663,93.52135774493217,0.7912631059295114,7,13,9,7,16,13,0,0,16
39,92892,74,5,0.004755379044021677,0.7297297297297297,0.18596119660179358,0.10597302575243285,0.3801058573094574,103.9855899810791,0.7116370644573428,6,14,22,0,13,15,0,0,10
40,26529,72,7,0.0036627155211053485,1.0,0.1828651367427988,0.00927551259577639,0.4720076318416331,50.74382257461548,1.4188919231326866,7,6,18,7,4,9,18,0,10
41,174520,72,7,0.0033602625246717615,0.4722222222222222,0.2490409987254275,0.23449852405529883,0.14957640320062637,907.9760284423828,0.07929724766359168,7,6,8,12,3,7,0,31,5
42,35014,72,6,0.0045449896371980575,1.0,0.29895550074676674,0.004623661471567984,0.46280152599016827,42.31509821489453,1.7015203328691944,7,16,12,4,18,8,0,0,14
43,4234,72,5,0.004567850778179718,1.0,0.20327518466446134,0.055960543801322475,0.6107862566908201,95.96715670824051,0.7502566760302642,8,16,15,0,12,14,0,0,15
44,33305,72,5,0.004255159135465616,1.0,0.21200817243920433,0.09680158260056891,0.4403788542581929,234.47063871845603,0.30707469555049505,8,10,7,0,7,22,0,0,26
45,7022,71,6,0.0046508192604316715,0.4084507042253521,0.20334923925848913,0.4535835431495183,0.464632258133989,197.12674444913864,0.3601743649670984,8,23,22,1,3,13,0,0,9
46,7965,71,6,0.004133485814239962,0.6197183098591549,0.259168045549378,0.34451450958100316,0.40187409509655453,88.973340874305,0.7979918400535683,8,11,10,17,11,12,0,0,10
47,176202,71,6,0.00370127849502406,0.23943661971830985,0.18424768390422555,0.3922867975583051,0.17765719359609441,147.17080181837082,0.4824326505173482,7,9,10,0,13,5,0,29,5
48,26827,70,8,0.004009917570004341,1.0,0.17649400292762688,0.012562629216667379,0.398686415382794,32.824654936790466,2.1325433621403507,8,11,12,8,11,12,4,4,8
49,5524,70,6,0.004125128403435863,1.0,0.24249221054571016,0.22845743561296591,0.5790384620428085,266.1643854379654,0.26299536613366636,8,10,10,13,13,12,0,0,12
50,7301,70,6,0.0042248142265273875,0.04285714285714286,0.09595372309642179,0.4332713029214314,0.30128063208290506,240.58663490018807,0.2909554806693266,8,9,4,4,22,13,0,0,18
51,20451,70,6,0.004362366671038543,0.9571428571428572,0.25167771843927245,0.28966270979227765,0.4608596371752875,168.85197025058733,0.4145643068074091,8,11,14,3,17,11,0,0,14
52,84072,70,4,0.0037893399270296914,0.9714285714285714,0.16132540223853928,0.02971235100238638,0.31559480790581024,26.947896881269116,2.597605308808178,6,0,0,9,12,22,0,0,27
53,41964,68,8,0.003987251161847713,1.0,0.16098014374866204,0.008152096075438,0.4346254827345119,30.868686199188232,2.20287962892921,8,12,9,6,12,11,2,3,13
54,141284,68,4,0.0035916184192549246,0.9852941176470589,0.21965637816773617,0.04171518992777291,0.391521411783555,28.519786439596828,2.3843095790362896,6,0,0,18,13,16,0,0,21
55,13628,67,6,0.0042607916651376905,0.373134328358209,0.23437979027851305,0.28381408783676687,0.2670193039881649,231.56694507598877,0.2893331774015239,7,5,6,0,42,8,0,3,3
56,147274,67,6,0.00414734606911622,1.0,0.2311592476803865,0.01866948137836489,0.5762547267906701,67.38587999343872,0.9942735778849175,6,12,15,7,13,10,0,0,10
57,22120,67,5,0.003712742246923603,1.0,0.17857161078101663,0.008932667061854228,0.4755364619751475,48.057307605478854,1.3941688233978708,8,0,11,9,6,19,0,0,22
58,16844,67,3,0.003165339652578366,0.9402985074626866,0.2869387117784415,0.09533467289999062,0.3832148215663967,112.47560160238527,0.5956847444733216,8,0,0,35,0,10,0,0,22
59,118793,66,6,0.0042002863422752204,0.10606060606060606,0.31389840343741304,0.5362077008749386,0.17251193117011676,96.09825885295868,0.6867970428162236,7,12,15,1,16,11,0,0,11
60,6411,65,7,0.0034733748596380044,1.0,0.16671582278437339,0.01272701800285876,0.5458600117610051,34.106605768203735,1.9057891729758982,7,10,8,5,14,6,15,0,7
61,21479,65,7,0.0036435570230215807,0.03076923076923077,0.10357398986816406,0.5294739150083982,0.1393003673507617,73.98823595046997,0.8785180395909564,7,7,8,14,11,13,3,0,9
62,18084,65,5,0.004322356443905856,0.15384615384615385,0.21932369436209018,0.5031057762985046,0.17065489360919364,93.73421478271484,0.6934500934442819,7,17,17,0,18,7,0,0,6
63,55486,65,5,0.0033338757514915314,0.0,0.26994835424881714,0.5112888285746942,0.29660467413755565,328.6073507666588,0.19780446130724547,7,0,8,25,3,11,0,0,18
64,7368,64,6,0.003933662324776815,1.0,0.22261679533403367,0.13316761353871698,0.5022345869801939,323.11741242557764,0.19807041508399326,8,14,9,8,13,10,0,0,10
65,21860,64,6,0.003877641283692408,1.0,0.2536818825174123,0.0029885175708841416,0.46309122024104,39.526560080834315,1.6191644268845038,8,11,9,5,11,14,0,0,14
66,22942,64,6,0.003931304390892102,0.15625,0.1775159033422824,0.4800794043985661,0.28794367623049766,105.31212091294583,0.6077173210945427,8,9,7,1,17,16,0,0,14
67,182863,64,6,0.0040806436386785425,0.9375,0.2680754370521754,0.02688846985483906,0.4800860802643001,104.04131650924683,0.6151402360841128,6,16,17,3,8,9,0,0,11
68,18642,64,5,0.004108198746136506,0.203125,0.28962969488929957,0.47949490952305496,0.22164437593892217,102.5808639228344,0.6238980405560189,8,15,12,0,14,13,0,0,10
69,7128,63,6,0.00379160749656348,1.0,0.360653833737449,0.014942346666921078,0.5251872955806671,44.65390204638243,1.4108509472377422,7,9,8,5,13,14,0,0,14
70,18306,63,6,0.00385528392018057,1.0,0.3323869635424917,0.012548204674513973,0.4484383492242722,57.81389058800414,1.0897035186397217,8,13,16,5,2,14,0,0,13
71,5379,62,6,0.003643549572614624,0.45161290322580644,0.17747998583100497,0.28500260027395863,0.38577494962561515,120.76384941115975,0.5133986727179516,8,7,2,3,15,14,0,0,21
72,10613,62,6,0.003724700466028273,0.4838709677419355,0.2043513311974464,0.28673334681286267,0.3081693767960514,134.184092149997,0.46205179024271825,8,10,5,4,13,14,0,0,16
73,6231,61,6,0.0036796440980334643,1.0,0.22126227934829523,0.2826232011200952,0.5882079508460936,141.05444272980094,0.4324571337100634,8,9,10,3,10,10,0,0,19
74,10389,61,6,0.0038952081295517615,1.0,0.20985839064003992,0.13919170131929767,0.4685246328838536,116.00807696580887,0.525825456256624,7,17,8,6,17,6,0,0,7
75,131398,61,6,0.0037016893156273534,0.8852459016393442,0.19879089448539938,0.0783932752243181,0.5172819701618836,65.55083227157593,0.9305755226307133,6,7,8,7,19,12,0,0,8
76,7800,60,6,0.003937218093513555,0.3,0.17888286095112563,0.4525343280285597,0.3217483254149556,81.33822081203107,0.737660590568575,7,18,14,2,12,8,0,0,6
77,11463,60,6,0.003859760426222971,1.0,0.2764458070198695,0.0284253803336469,0.5643039733171463,67.38859361223876,0.8903583942595162,7,14,11,3,18,5,0,0,9
78,62871,60,6,0.003624896433931008,0.9833333333333333,0.149486302693064,0.017224769550618173,0.20731099167217812,16.670703887939453,3.5991281713909786,6,10,11,8,10,11,0,0,10
79,92411,60,6,0.003330998665099498,1.0,0.3068876678744952,0.004209466198760007,0.4470882219572862,53.69182634353638,1.117488528255717,6,3,1,11,14,12,0,0,19
80,78951,59,6,0.0035136295887087045,1.0,0.3023233846840212,0.008404121119321829,0.5410504659353677,62.73902130126953,0.9404035762159096,6,12,11,13,7,7,0,0,9
81,31270,59,5,0.0037932923831617386,1.0,0.13324473174762422,0.003928634075781292,0.24221528918182444,16.33697760105133,3.6114391193266484,6,14,13,0,12,8,0,0,12
82,14229,58,6,0.003056763665363268,1.0,0.16681000044376687,0.0034444176330909017,0.5074509669994486,35.646581172943115,1.627084508290064,7,9,10,0,10,7,17,0,5
83,67855,58,5,0.0038233433337416943,0.5,0.21065381927223042,0.33208601709840624,0.3718907072626311,126.94539430737495,0.456889360314748,8,13,23,4,11,7,0,0,0
84,9642,57,6,0.003632259218170111,0.38596491228070173,0.11769362993276956,0.25396875120503337,0.34747243293544705,97.91973525285721,0.582109416991472,7,16,12,3,7,11,0,0,8
85,10321,57,6,0.003489572254364114,1.0,0.36580013366121994,0.01707509791043848,0.38783769074239227,37.685541848491994,1.512516397645504,8,9,10,3,10,14,0,0,11
86,225620,57,6,0.0034432209148245563,1.0,0.23480100204285823,0.003130140470538958,0.509007826186063,46.41538342645799,1.2280411318870739,8,10,9,7,10,10,0,0,11
87,3551,57,5,0.0036001084323830177,0.14035087719298245,0.17713333817460297,0.2897259408944177,0.22439388342593847,139.75008845934644,0.4078709403935827,8,10,10,0,14,14,0,0,9
88,7428,56,6,0.0033716508847162117,1.0,0.1707386655200805,0.010294324691942944,0.5032644851931504,30.91386128216982,1.811485129238744,7,10,9,8,9,11,0,0,9
89,7897,55,6,0.003426285143736956,0.4727272727272727,0.17924584218046882,0.3704709302295338,0.36763513846830886,407.28683042526245,0.13503996665586407,8,10,18,4,4,10,0,0,9
90,13773,55,6,0.0032798919812013208,1.0,0.33899690779772673,0.003473484066518557,0.3676582764495503,51.15049440122675,1.0752584240648302,8,5,12,3,7,14,0,0,14
91,152981,55,6,0.0033068975155321556,1.0,0.2733534340154041,0.0029053056906873692,0.5648521997711875,38.79957859130809,1.417541169179635,7,8,11,4,6,13,0,0,13
92,119411,55,4,0.0037236784531925545,1.0,0.09560827859254047,0.003468291523644108,0.24554224637421695,14.709745168685913,3.7390178666782026,6,15,13,0,20,7,0,0,0
93,10294,55,3,0.003829769665571975,0.34545454545454546,0.23911578133702277,0.35255224769088356,0.2874903822487051,154.17917597293854,0.3567278113462844,7,18,16,0,21,0,0,0,0
94,23930,54,6,0.0033098549350079553,1.0,0.23750342352798692,0.008803205422332717,0.5171426269743178,41.71700557344593,1.2944361479859559,8,10,9,5,11,7,0,0,12
95,26611,54,6,0.0033519563172352035,0.018518518518518517,0.09055259340891132,0.5782077097230487,0.20391303597501031,273.07502233982086,0.19774785528645367,7,9,10,3,12,11,0,0,9
96,268,54,5,0.0033776535151612596,1.0,0.16387982390545033,0.19692018428058536,0.6362993148741899,340.8309918195009,0.15843629627612504,8,8,9,0,14,13,0,0,10
97,6755,54,4,0.002628926294224912,1.0,0.10997499549692427,0.007137022019816397,0.36910559568140244,26.259854078292847,2.05637090895482,5,0,0,4,0,22,0,11,17
98,6604,54,3,0.002602783907651735,0.9814814814814815,0.2802937262588077,0.12911197274957817,0.3931081438506091,125.57966587966075,0.43000592191212383,5,0,0,24,0,11,0,0,19
99,11917,53,6,0.003309635040865814,0.07547169811320754,0.1931940894573927,0.45204591742422395,0.19478244404747802,165.20192828774452,0.32081949980442087,8,12,8,4,12,6,0,0,11
100,51160,53,6,0.003436264891588622,1.0,0.32845169418262987,0.005767655412421176,0.50020761478622,48.291970195714384,1.097490944875623,7,14,11,3,14,4,0,0,7
