scene,view,x,y,reason
lego,r_007,535,305,UNASSIGNABLE_BACKGROUND
lego,r_007,187,342,UNASSIGNABLE_BACKGROUND
lego,r_007,283,551,UNASSIGNABLE_BACKGROUND
lego,r_007,312,612,UNASSIGNABLE_BACKGROUND
lego,r_007,567,658,UNASSIGNABLE_BACKGROUND
lego,r_007,436,721,UNASSIGNABLE_BACKGROUND
lego,r_007,434,722,UNASSIGNABLE_BACKGROUND
lego,r_033,427,205,UNASSIGNABLE_BACKGROUND
lego,r_033,556,230,UNASSIGNABLE_BACKGROUND
lego,r_033,616,272,UNASSIGNABLE_BACKGROUND
lego,r_033,617,274,UNASSIGNABLE_BACKGROUND
lego,r_033,618,276,UNASSIGNABLE_BACKGROUND
lego,r_033,115,357,UNASSIGNABLE_BACKGROUND
lego,r_033,175,444,UNASSIGNABLE_BACKGROUND
lego,r_059,310,119,UNASSIGNABLE_BACKGROUND
lego,r_059,309,128,UNASSIGNABLE_BACKGROUND
lego,r_059,310,137,UNASSIGNABLE_BACKGROUND
lego,r_059,362,172,UNASSIGNABLE_BACKGROUND
lego,r_059,349,176,UNASSIGNABLE_BACKGROUND
lego,r_059,387,210,UNASSIGNABLE_BACKGROUND
lego,r_059,391,215,UNASSIGNABLE_BACKGROUND
lego,r_059,377,219,UNASSIGNABLE_BACKGROUND
lego,r_059,441,265,UNASSIGNABLE_BACKGROUND
lego,r_059,144,271,UNASSIGNABLE_BACKGROUND
lego,r_086,606,247,UNASSIGNABLE_BACKGROUND
lego,r_086,611,258,UNASSIGNABLE_BACKGROUND
lego,r_086,610,266,UNASSIGNABLE_BACKGROUND
lego,r_086,340,277,UNASSIGNABLE_BACKGROUND
lego,r_000,487,228,UNASSIGNABLE_BACKGROUND
lego,r_000,328,232,UNASSIGNABLE_BACKGROUND
lego,r_000,215,486,UNASSIGNABLE_BACKGROUND
lego,r_008,560,117,UNASSIGNABLE_BACKGROUND
lego,r_008,559,120,UNASSIGNABLE_BACKGROUND
lego,r_008,558,123,UNASSIGNABLE_BACKGROUND
lego,r_008,505,151,UNASSIGNABLE_BACKGROUND
lego,r_008,501,155,UNASSIGNABLE_BACKGROUND
lego,r_008,529,171,UNASSIGNABLE_BACKGROUND
lego,r_008,514,175,UNASSIGNABLE_BACKGROUND
lego,r_008,513,186,UNASSIGNABLE_BACKGROUND
lego,r_008,513,187,UNASSIGNABLE_BACKGROUND
lego,r_008,197,198,UNASSIGNABLE_BACKGROUND
lego,r_008,151,203,UNASSIGNABLE_BACKGROUND
lego,r_008,290,204,UNASSIGNABLE_BACKGROUND
lego,r_008,590,257,UNASSIGNABLE_BACKGROUND
lego,r_008,611,264,UNASSIGNABLE_BACKGROUND
lego,r_008,431,270,UNASSIGNABLE_BACKGROUND
lego,r_008,139,291,UNASSIGNABLE_BACKGROUND
lego,r_018,594,276,UNASSIGNABLE_BACKGROUND
lego,r_030,344,220,UNASSIGNABLE_BACKGROUND
